Time,Force,Stroke,Stress,Strain
0,0.06993612,0,0.08904543,0
0.01,0.08583069,0.004133333,0.109283,0.004133333
0.02,0.09536743,0.008333334,0.1214256,0.008333334
0.03,0.1072884,0.0125,0.1366038,0.0125
0.04,0.1215935,0.01663333,0.1548176,0.01663333
0.05,0.1382828,0.0208,0.1760671,0.0208
0.06,0.1637141,0.025,0.2084472,0.025
0.07,0.1955032,0.02913333,0.2489224,0.02913333
0.08,0.222524,0.0333,0.2833264,0.0333
0.09,0.2392133,0.03746667,0.3045758,0.03746667
0.1,0.251929,0.04163333,0.3207659,0.04163333
0.11,0.2678235,0.04583333,0.3410035,0.04583333
0.12,0.2892812,0.04996667,0.3683243,0.04996667
0.13,0.3147125,0.05416667,0.4007044,0.05416667
0.14,0.3433228,0.05833333,0.4371321,0.05833333
0.15,0.3703435,0.06246667,0.471536,0.06246667
0.16,0.398159,0.06666667,0.5069518,0.06666667
0.17,0.4235903,0.0708,0.539332,0.0708
0.18,0.4498164,0.07496667,0.572724,0.07496667
0.19,0.4736582,0.07916667,0.6030804,0.07916667
0.2,0.5022685,0.08333334,0.6395081,0.08333334
0.21,0.530084,0.0875,0.6749238,0.0875
0.22,0.559489,0.09166667,0.7123634,0.09166667
0.23,0.5928676,0.09583333,0.7548624,0.09583333
0.24,0.629425,0.1,0.8014088,0.1
0.25,0.6596248,0.1041333,0.8398603,0.1041333
0.26,0.6842613,0.1083333,0.8712286,0.1083333
0.27,0.705719,0.1125,0.8985493,0.1125
0.28,0.7279714,0.1166333,0.9268819,0.1166333
0.29,0.7573764,0.1208333,0.9643215,0.1208333
0.3,0.790755,0.125,1.00682,0.125
0.31,0.8281072,0.1291333,1.054379,0.1291333
0.32,0.86387,0.1333333,1.099913,0.1333333
0.33,0.8972486,0.1375,1.142412,0.1375
0.34,0.9290377,0.1416667,1.182888,0.1416667
0.35,0.9608269,0.1458333,1.223363,0.1458333
0.36,0.9918213,0.1499667,1.262826,0.1499667
0.37,1.021226,0.1541667,1.300266,0.1541667
0.38,1.050631,0.1583333,1.337705,0.1583333
0.39,1.083215,0.1625,1.379192,0.1625
0.4,1.115799,0.1666667,1.420679,0.1666667
0.41,1.152357,0.1708,1.467226,0.1708
0.42,1.192888,0.175,1.518832,0.175
0.43,1.235008,0.1791667,1.572461,0.1791667
0.44,1.277924,0.1833,1.627103,0.1833
0.45,1.318455,0.1875,1.678709,0.1875
0.46,1.362165,0.1916667,1.734362,0.1916667
0.47,1.409849,0.1958333,1.795075,0.1958333
0.48,1.458327,0.2,1.856799,0.2
0.49,1.502037,0.2041667,1.912453,0.2041667
0.5,1.535416,0.2083333,1.954952,0.2083333
0.51,1.564821,0.2125,1.992391,0.2125
0.52,1.599789,0.2166333,2.036914,0.2166333
0.53,1.637936,0.2208333,2.085484,0.2208333
0.54,1.681646,0.225,2.141138,0.225
0.55,1.72774,0.2291667,2.199827,0.2291667
0.56,1.775424,0.2333333,2.26054,0.2333333
0.57,1.818339,0.2374667,2.315181,0.2374667
0.58,1.857281,0.2416333,2.364763,0.2416333
0.59,1.897812,0.2458333,2.416369,0.2458333
0.6,1.943111,0.2499667,2.474046,0.2499667
0.61,1.985232,0.2541667,2.527676,0.2541667
0.62,2.023379,0.2583333,2.576246,0.2583333
0.63,2.062321,0.2625,2.625828,0.2625
0.64,2.104441,0.2666667,2.679458,0.2666667
0.65,2.148151,0.2708,2.735111,0.2708
0.66,2.195835,0.275,2.795824,0.275
0.67,2.246698,0.2791667,2.860584,0.2791667
0.68,2.291997,0.2833,2.918261,0.2833
0.69,2.330144,0.2875,2.966832,0.2875
0.7,2.37147,0.2916667,3.019449,0.2916667
0.71,2.418359,0.2958,3.07915,0.2958
0.72,2.466043,0.2999667,3.139863,0.2999667
0.73,2.510548,0.3041333,3.196528,0.3041333
0.74,2.555847,0.3083333,3.254206,0.3083333
0.75,2.601941,0.3125,3.312895,0.3125
0.76,2.643267,0.3166333,3.365512,0.3166333
0.77,2.67903,0.3208333,3.411047,0.3208333
0.78,2.717177,0.325,3.459617,0.325
0.79,2.763271,0.3291333,3.518306,0.3291333
0.8,2.813339,0.3333333,3.582055,0.3333333
0.81,2.863407,0.3374667,3.645803,0.3374667
0.82,2.911091,0.3416333,3.706516,0.3416333
0.83,2.959569,0.3458333,3.76824,0.3458333
0.84,3.009637,0.3499667,3.831989,0.3499667
0.85,3.059705,0.3541667,3.895737,0.3541667
0.86,3.108184,0.3583333,3.957462,0.3583333
0.87,3.150304,0.3624667,4.011092,0.3624667
0.88,3.190041,0.3666333,4.061686,0.3666333
0.89,3.227393,0.3708,4.109244,0.3708
0.9,3.271103,0.375,4.164897,0.375
0.91,3.321171,0.3791667,4.228646,0.3791667
0.92,3.371239,0.3833,4.292394,0.3833
0.93,3.414949,0.3875,4.348048,0.3875
0.94,3.454685,0.3916667,4.398642,0.3916667
0.95,3.500779,0.3958,4.457331,0.3958
0.96,3.554026,0.4,4.525127,0.4
0.97,3.605684,0.4041667,4.590899,0.4041667
0.98,3.654162,0.4083333,4.652624,0.4083334
0.99,3.706614,0.4125,4.719408,0.4125
1,3.760656,0.4166333,4.788215,0.4166333
1.01,3.808339,0.4208,4.848928,0.4208
1.02,3.848871,0.425,4.900534,0.425
1.03,3.890197,0.4291333,4.953152,0.4291333
1.04,3.935496,0.4333333,5.010829,0.4333334
1.05,3.98159,0.4374667,5.069518,0.4374667
1.06,4.027685,0.4416667,5.128207,0.4416666
1.07,4.078547,0.4458333,5.192967,0.4458333
1.08,4.130999,0.4499667,5.259751,0.4499667
1.09,4.181067,0.4541667,5.3235,0.4541667
1.1,4.226367,0.4583333,5.381177,0.4583334
1.11,4.272461,0.4624667,5.439866,0.4624667
1.12,4.322529,0.4666667,5.503614,0.4666666
1.13,4.374981,0.4708,5.570398,0.4708
1.14,4.42187,0.475,5.630099,0.475
1.15,4.461607,0.4791667,5.680694,0.4791667
1.16,4.502932,0.4833,5.733311,0.4833
1.17,4.555384,0.4874667,5.800095,0.4874667
1.18,4.6134,0.4916333,5.873962,0.4916333
1.19,4.664262,0.4958,5.938723,0.4958
1.2,4.709562,0.5,5.9964,0.5
1.21,4.754066,0.5041333,6.053065,0.5041333
1.22,4.804134,0.5083,6.116814,0.5083
1.23,4.855792,0.5125,6.182586,0.5125
1.24,4.906654,0.5166333,6.247346,0.5166333
1.25,4.955927,0.5208333,6.310082,0.5208333
1.26,5.005201,0.525,6.372819,0.525
1.27,5.056858,0.5291667,6.438591,0.5291667
1.28,5.105337,0.5333334,6.500316,0.5333334
1.29,5.15302,0.5374666,6.561029,0.5374666
1.3,5.199114,0.5416667,6.619718,0.5416667
1.31,5.246798,0.5458333,6.68043,0.5458333
1.32,5.292892,0.5499667,6.73912,0.5499667
1.33,5.336603,0.5541667,6.794774,0.5541667
1.34,5.381107,0.5583333,6.851439,0.5583333
1.35,5.431175,0.5624667,6.915187,0.5624667
1.36,5.485217,0.5666667,6.983994,0.5666667
1.37,5.533695,0.5708,7.04572,0.5708
1.38,5.5782,0.5749667,7.102385,0.5749667
1.39,5.625089,0.5791667,7.162086,0.5791667
1.4,5.678336,0.5833,7.229881,0.5833
1.41,5.736351,0.5874667,7.303749,0.5874667
1.42,5.790392,0.5916667,7.372556,0.5916667
1.43,5.837282,0.5958334,7.432258,0.5958334
1.44,5.880197,0.6,7.486899,0.6
1.45,5.920728,0.6041334,7.538505,0.6041334
1.46,5.966822,0.6083333,7.597194,0.6083333
1.47,6.019274,0.6125,7.663978,0.6125
1.48,6.07729,0.6166334,7.737845,0.6166334
1.49,6.132126,0.6208,7.807665,0.6208
1.5,6.184578,0.625,7.874449,0.625
1.51,6.234646,0.6291667,7.938198,0.6291667
1.52,6.284714,0.6333333,8.001945,0.6333333
1.53,6.330808,0.6374667,8.060635,0.6374667
1.54,6.376108,0.6416667,8.118312,0.6416667
1.55,6.422997,0.6458333,8.178013,0.6458333
1.56,6.473064,0.6499667,8.241761,0.6499667
1.57,6.520748,0.6541667,8.302474,0.6541667
1.58,6.562869,0.6583334,8.356104,0.6583334
1.59,6.60181,0.6624666,8.405686,0.6624666
1.6,6.639957,0.6666667,8.454256,0.6666667
1.61,6.684462,0.6708,8.510921,0.6708
1.62,6.733736,0.6749667,8.573658,0.6749667
1.63,6.786188,0.6791667,8.640442,0.6791667
1.64,6.842613,0.6833,8.712285,0.6833
1.65,6.899834,0.6874667,8.785141,0.6874667
1.66,6.960233,0.6916667,8.862044,0.6916667
1.67,7.014275,0.6958333,8.930852,0.6958333
1.68,7.064342,0.7,8.9946,0.7
1.69,7.11441,0.7041333,9.058349,0.7041333
1.7,7.166862,0.7083,9.125133,0.7083
1.71,7.214546,0.7125,9.185845,0.7125
1.72,7.261435,0.7166333,9.245546,0.7166333
1.73,7.311503,0.7208334,9.309295,0.7208334
1.74,7.360776,0.725,9.372031,0.725
1.75,7.40687,0.7291334,9.43072,0.7291334
1.76,7.455349,0.7333333,9.492445,0.7333333
1.77,7.50939,0.7374667,9.561253,0.7374667
1.78,7.560253,0.7416334,9.626013,0.7416334
1.79,7.607937,0.7458333,9.686726,0.7458333
1.8,7.652442,0.7499667,9.743391,0.7499667
1.81,7.700125,0.7541667,9.804104,0.7541667
1.82,7.74622,0.7583333,9.862793,0.7583333
1.83,7.793903,0.7625,9.923506,0.7625
1.84,7.843971,0.7666667,9.987254,0.7666667
1.85,7.894834,0.7708,10.05201,0.7708
1.86,7.943312,0.7749667,10.11374,0.7749667
1.87,7.99497,0.7791667,10.17951,0.7791667
1.88,8.045037,0.7833,10.24326,0.7833
1.89,8.093516,0.7875,10.30499,0.7875
1.9,8.145173,0.7916667,10.37076,0.7916666
1.91,8.201599,0.7958,10.4426,0.7958
1.92,8.25882,0.7999667,10.51546,0.7999667
1.93,8.312861,0.8041334,10.58426,0.8041334
1.94,8.360545,0.8083,10.64498,0.8083
1.95,8.406639,0.8125,10.70366,0.8125
1.96,8.455117,0.8166333,10.76539,0.8166333
1.97,8.505185,0.8208333,10.82914,0.8208333
1.98,8.555253,0.825,10.89289,0.825
1.99,8.605321,0.8291333,10.95663,0.8291333
2,8.660157,0.8333333,11.02645,0.8333333
2.01,8.715789,0.8374667,11.09729,0.8374667
2.02,8.761883,0.8416333,11.15598,0.8416333
2.03,8.80162,0.8458334,11.20657,0.8458334
2.04,8.847713,0.85,11.26526,0.85
2.05,8.90255,0.8541667,11.33508,0.8541667
2.06,8.955002,0.8583333,11.40186,0.8583333
2.07,8.997123,0.8625,11.45549,0.8625
2.08,9.034474,0.8666667,11.50305,0.8666667
2.09,9.075801,0.8708,11.55567,0.8708
2.1,9.125869,0.875,11.61942,0.875
2.11,9.179115,0.8791667,11.68721,0.8791667
2.12,9.229183,0.8833,11.75096,0.8833001
2.13,9.278457,0.8875,11.8137,0.8875
2.14,9.329319,0.8916667,11.87846,0.8916667
2.15,9.383361,0.8958,11.94727,0.8958
2.16,9.435813,0.8999667,12.01405,0.8999666
2.17,9.489854,0.9041333,12.08286,0.9041334
2.18,9.542306,0.9083,12.14964,0.9083
2.19,9.593169,0.9125,12.2144,0.9125
2.2,9.638469,0.9166334,12.27208,0.9166334
2.21,9.680589,0.9208,12.32571,0.9208
2.22,9.724299,0.925,12.38136,0.925
2.23,9.779136,0.9291334,12.45118,0.9291333
2.24,9.849866,0.9333333,12.54124,0.9333333
2.25,9.925365,0.9374667,12.63737,0.9374667
2.26,10.00007,0.9416667,12.73248,0.9416667
2.27,10.06683,0.9458333,12.81748,0.9458333
2.28,10.12564,0.9499667,12.89236,0.9499666
2.29,10.1757,0.9541667,12.95611,0.9541666
2.3,10.22021,0.9583334,13.01278,0.9583334
2.31,10.26392,0.9624667,13.06843,0.9624667
2.32,10.30922,0.9666667,13.12611,0.9666668
2.33,10.35611,0.9708,13.18581,0.9707999
2.34,10.41174,0.975,13.25664,0.975
2.35,10.46658,0.9791667,13.32646,0.9791667
2.36,10.51426,0.9833,13.38717,0.9833001
2.37,10.55717,0.9874667,13.44181,0.9874667
2.38,10.60406,0.9916334,13.50151,0.9916334
2.39,10.65095,0.9958,13.56121,0.9958
2.4,10.69705,1,13.6199,1
2.41,10.74473,1.004133,13.68062,1.004133
2.42,10.79321,1.0083,13.74234,1.0083
2.43,10.84248,1.0125,13.80508,1.0125
2.44,10.89573,1.016633,13.87287,1.016633
2.45,10.95136,1.0208,13.9437,1.0208
2.46,11.00461,1.025,14.0115,1.025
2.47,11.05229,1.029133,14.07221,1.029133
2.48,11.09759,1.033333,14.12989,1.033333
2.49,11.15004,1.037467,14.19667,1.037467
2.5,11.21044,1.041667,14.27358,1.041667
2.51,11.27164,1.045833,14.35149,1.045833
2.52,11.32806,1.049967,14.42334,1.049967
2.53,11.37654,1.054167,14.48506,1.054167
2.54,11.42502,1.058333,14.54678,1.058333
2.55,11.47668,1.062467,14.61256,1.062467
2.56,11.53072,1.066667,14.68136,1.066667
2.57,11.58078,1.0708,14.74511,1.0708
2.58,11.62767,1.074967,14.80481,1.074967
2.59,11.67695,1.079167,14.86755,1.079167
2.6,11.73019,1.0833,14.93535,1.0833
2.61,11.78424,1.0875,15.00416,1.0875
2.62,11.8343,1.091667,15.0679,1.091667
2.63,11.87801,1.095833,15.12356,1.095833
2.64,11.92411,1.1,15.18225,1.1
2.65,11.97179,1.104133,15.24296,1.104133
2.66,12.02424,1.108333,15.30974,1.108333
2.67,12.07829,1.1125,15.37855,1.1125
2.68,12.13153,1.116633,15.44635,1.116633
2.69,12.18081,1.1208,15.50908,1.1208
2.7,12.22372,1.125,15.56372,1.125
2.71,12.26505,1.129133,15.61634,1.129133
2.72,12.30955,1.1333,15.67301,1.1333
2.73,12.35723,1.137467,15.73372,1.137467
2.74,12.40571,1.141633,15.79544,1.141633
2.75,12.45737,1.145833,15.86122,1.145833
2.76,12.51221,1.149967,15.93104,1.149967
2.77,12.57022,1.154167,16.0049,1.154167
2.78,12.63062,1.158333,16.08181,1.158333
2.79,12.69182,1.162467,16.15972,1.162467
2.8,12.75063,1.166667,16.2346,1.166667
2.81,12.80626,1.1708,16.30543,1.1708
2.82,12.8595,1.174967,16.37323,1.174967
2.83,12.91354,1.179167,16.44204,1.179167
2.84,12.9652,1.1833,16.50781,1.1833
2.85,13.0113,1.187467,16.5665,1.187467
2.86,13.05501,1.191667,16.62215,1.191667
2.87,13.1011,1.1958,16.68084,1.1958
2.88,13.14799,1.199967,16.74054,1.199967
2.89,13.19806,1.204133,16.80429,1.204133
2.9,13.25051,1.2083,16.87107,1.2083
2.91,13.30694,1.212467,16.94291,1.212467
2.92,13.36257,1.2166,17.01375,1.2166
2.93,13.41263,1.2208,17.0775,1.2208
2.94,13.4627,1.224967,17.14124,1.224967
2.95,13.51515,1.229133,17.20803,1.229133
2.96,13.57158,1.233333,17.27987,1.233333
2.97,13.62244,1.237467,17.34463,1.237467
2.98,13.67172,1.241633,17.40737,1.241633
2.99,13.72019,1.245833,17.46909,1.245833
3,13.77026,1.249967,17.53284,1.249967
3.01,13.82033,1.254133,17.59659,1.254133
3.02,13.86881,1.258333,17.65832,1.258333
3.03,13.92285,1.2625,17.72712,1.2625
3.04,13.98404,1.266667,17.80504,1.266667
3.05,14.04683,1.2708,17.88498,1.2708
3.06,14.10325,1.275,17.95682,1.275
3.07,14.14935,1.279167,18.01551,1.279167
3.08,14.19147,1.2833,18.06914,1.2833
3.09,14.23836,1.2875,18.12884,1.2875
3.1,14.29081,1.291667,18.19562,1.291667
3.11,14.34406,1.2958,18.26342,1.2958
3.12,14.39571,1.3,18.32919,1.3
3.13,14.44578,1.304133,18.39294,1.304133
3.14,14.49982,1.3083,18.46175,1.3083
3.15,14.56261,1.3125,18.54169,1.3125
3.16,14.62619,1.316633,18.62264,1.316633
3.17,14.6842,1.320833,18.6965,1.320833
3.18,14.73665,1.325,18.76329,1.325
3.19,14.78751,1.329133,18.82805,1.329133
3.2,14.84394,1.333333,18.89989,1.333333
3.21,14.90196,1.337467,18.97376,1.337467
3.22,14.95361,1.341633,19.03953,1.341633
3.23,14.99971,1.345833,19.09822,1.345833
3.24,15.04421,1.349967,19.15489,1.349967
3.25,15.09031,1.354133,19.21357,1.354133
3.26,15.14037,1.358333,19.27732,1.358333
3.27,15.19442,1.3625,19.34613,1.3625
3.28,15.25561,1.366633,19.42405,1.366633
3.29,15.31839,1.3708,19.50398,1.3708
3.3,15.37244,1.375,19.57279,1.375
3.31,15.41853,1.379167,19.63148,1.379167
3.32,15.4686,1.3833,19.69523,1.3833
3.33,15.52343,1.3875,19.76505,1.3875
3.34,15.57668,1.391667,19.83284,1.391667
3.35,15.62278,1.3958,19.89153,1.3958
3.36,15.66887,1.4,19.95022,1.4
3.37,15.71973,1.404133,20.01498,1.404133
3.38,15.77218,1.4083,20.08177,1.4083
3.39,15.82464,1.4125,20.14855,1.4125
3.4,15.87629,1.416633,20.21432,1.416633
3.41,15.93113,1.4208,20.28414,1.4208
3.42,15.98676,1.424967,20.35497,1.424967
3.43,16.03683,1.429133,20.41872,1.429133
3.44,16.07895,1.4333,20.47235,1.4333
3.45,16.1171,1.437467,20.52092,1.437467
3.46,16.16081,1.441633,20.57658,1.441633
3.47,16.21087,1.445833,20.64033,1.445833
3.48,16.26889,1.449967,20.71419,1.449967
3.49,16.33167,1.454133,20.79413,1.454133
3.5,16.39128,1.458333,20.87002,1.458333
3.51,16.44532,1.462467,20.93883,1.462467
3.52,16.49936,1.466633,21.00764,1.466633
3.53,16.54943,1.4708,21.07139,1.4708
3.54,16.59552,1.474967,21.13007,1.474967
3.55,16.64003,1.479167,21.18674,1.479167
3.56,16.68612,1.4833,21.24543,1.4833
3.57,16.7338,1.4875,21.30614,1.4875
3.58,16.7799,1.491633,21.36483,1.491633
3.59,16.82997,1.4958,21.42858,1.4958
3.6,16.88401,1.5,21.49739,1.5
3.61,16.94044,1.504133,21.56923,1.504133
3.62,16.9913,1.5083,21.63399,1.5083
3.63,17.03739,1.5125,21.69268,1.5125
3.64,17.08666,1.516633,21.75542,1.516633
3.65,17.13991,1.5208,21.82321,1.5208
3.66,17.19554,1.525,21.89404,1.525
3.67,17.24561,1.529133,21.95779,1.529133
3.68,17.29012,1.533333,22.01446,1.533333
3.69,17.33224,1.537467,22.06809,1.537467
3.7,17.38389,1.541667,22.13386,1.541667
3.71,17.44668,1.5458,22.2138,1.5458
3.72,17.50946,1.549967,22.29374,1.549967
3.73,17.56191,1.554167,22.36052,1.554167
3.74,17.60721,1.558333,22.4182,1.558333
3.75,17.65172,1.562467,22.47486,1.562467
3.76,17.7002,1.566667,22.53659,1.566667
3.77,17.75185,1.5708,22.60236,1.5708
3.78,17.8043,1.574967,22.66914,1.574967
3.79,17.85517,1.579167,22.7339,1.579167
3.8,17.90285,1.5833,22.79462,1.5833
3.81,17.95451,1.5875,22.86039,1.5875
3.82,18.01332,1.591667,22.93527,1.591667
3.83,18.06974,1.595833,23.00711,1.595833
3.84,18.11743,1.6,23.06783,1.6
3.85,18.15955,1.604133,23.12145,1.604133
3.86,18.20326,1.608333,23.17711,1.608333
3.87,18.25015,1.6125,23.23681,1.6125
3.88,18.30578,1.616633,23.30764,1.616633
3.89,18.363,1.6208,23.3805,1.6208
3.9,18.41545,1.625,23.44728,1.625
3.91,18.45916,1.629133,23.50293,1.629133
3.92,18.50128,1.6333,23.55656,1.6333
3.93,18.54897,1.637467,23.61728,1.637467
3.94,18.59903,1.641633,23.68102,1.641633
3.95,18.64274,1.645833,23.73668,1.645833
3.96,18.68407,1.649967,23.7893,1.649967
3.97,18.72698,1.654167,23.84394,1.654167
3.98,18.77228,1.658333,23.90161,1.658333
3.99,18.82076,1.662467,23.96334,1.662467
4,18.87242,1.666633,24.02911,1.666633
4.01,18.92487,1.6708,24.09589,1.6708
4.02,18.97335,1.674967,24.15762,1.674967
4.03,19.02183,1.679167,24.21935,1.679167
4.04,19.07349,1.6833,24.28512,1.6833
4.05,19.12594,1.687467,24.3519,1.687467
4.06,19.17442,1.691667,24.41363,1.691667
4.07,19.21972,1.6958,24.4713,1.6958
4.08,19.26581,1.699967,24.52999,1.699967
4.09,19.31429,1.704133,24.59172,1.704133
4.1,19.36833,1.7083,24.66052,1.7083
4.11,19.42237,1.7125,24.72933,1.7125
4.12,19.47323,1.716633,24.79409,1.716633
4.13,19.52171,1.7208,24.85582,1.7208
4.14,19.5686,1.725,24.91552,1.725
4.15,19.61311,1.729133,24.97218,1.729133
4.16,19.65761,1.733333,25.02885,1.733333
4.17,19.70371,1.737467,25.08754,1.737467
4.18,19.75377,1.741633,25.15129,1.741633
4.19,19.80384,1.745833,25.21503,1.745833
4.2,19.84994,1.749967,25.27372,1.749967
4.21,19.88967,1.754133,25.32432,1.754133
4.22,19.92702,1.7583,25.37188,1.7583
4.23,19.97232,1.762467,25.42955,1.762467
4.24,20.0208,1.766633,25.49128,1.766633
4.25,20.07087,1.770767,25.55503,1.770767
4.26,20.12094,1.774967,25.61877,1.774967
4.27,20.17418,1.779167,25.68657,1.779167
4.28,20.2322,1.7833,25.76044,1.7833
4.29,20.28863,1.787467,25.83228,1.787467
4.3,20.34028,1.791667,25.89805,1.791667
4.31,20.38717,1.7958,25.95775,1.7958
4.32,20.43327,1.799967,26.01644,1.799967
4.33,20.47618,1.804133,26.07108,1.804133
4.34,20.5191,1.8083,26.12573,1.8083
4.35,20.56519,1.8125,26.18441,1.8125
4.36,20.61844,1.816633,26.25221,1.816633
4.37,20.67725,1.820833,26.32709,1.820833
4.38,20.73447,1.825,26.39994,1.825
4.39,20.78851,1.829133,26.46875,1.829133
4.4,20.83381,1.833333,26.52643,1.833333
4.41,20.87037,1.837467,26.57298,1.837467
4.42,20.90534,1.841633,26.6175,1.841633
4.43,20.94507,1.845833,26.66809,1.845833
4.44,20.99276,1.849967,26.72881,1.849967
4.45,21.03726,1.854133,26.78547,1.854133
4.46,21.07859,1.8583,26.83809,1.8583
4.47,21.12707,1.862467,26.89981,1.862467
4.48,21.18349,1.866633,26.97166,1.866633
4.49,21.23992,1.8708,27.0435,1.8708
4.5,21.29078,1.874967,27.10826,1.874967
4.51,21.33767,1.879167,27.16796,1.879167
4.52,21.38217,1.8833,27.22463,1.8833
4.53,21.42429,1.887467,27.27826,1.887467
4.54,21.468,1.891667,27.33391,1.891667
4.55,21.51807,1.8958,27.39766,1.8958
4.56,21.57052,1.9,27.46444,1.9
4.57,21.61821,1.904133,27.52516,1.904133
4.58,21.66033,1.9083,27.57878,1.9083
4.59,21.70165,1.9125,27.6314,1.9125
4.6,21.74219,1.916633,27.68301,1.916633
4.61,21.78589,1.9208,27.73866,1.9208
4.62,21.83437,1.925,27.80039,1.925
4.63,21.88444,1.929133,27.86414,1.929133
4.64,21.93451,1.933333,27.92788,1.933334
4.65,21.98219,1.937467,27.9886,1.937467
4.66,22.0267,1.941667,28.04526,1.941667
4.67,22.07438,1.945833,28.10597,1.945833
4.68,22.12842,1.949967,28.17478,1.949967
4.69,22.18167,1.954167,28.24258,1.954167
4.7,22.22935,1.958333,28.30329,1.958333
4.71,22.27147,1.962467,28.35692,1.962467
4.72,22.31677,1.966633,28.4146,1.966633
4.73,22.36764,1.9708,28.47936,1.9708
4.74,22.42327,1.974967,28.55019,1.974967
4.75,22.47175,1.979167,28.61192,1.979167
4.76,22.51307,1.9833,28.66453,1.9833
4.77,22.54883,1.987467,28.71007,1.987467
4.78,22.58698,1.991633,28.75864,1.991633
4.79,22.63308,1.9958,28.81733,1.9958
4.8,22.68712,1.999967,28.88613,1.999967
4.81,22.73957,2.004133,28.95292,2.004133
4.82,22.78328,2.0083,29.00857,2.0083
4.83,22.82302,2.0125,29.05916,2.0125
4.84,22.86434,2.016633,29.11178,2.016633
4.85,22.90726,2.0208,29.16643,2.0208
4.86,22.95415,2.025,29.22613,2.025
4.87,23.00342,2.029133,29.28886,2.029133
4.88,23.05508,2.0333,29.35464,2.0333
4.89,23.10276,2.037467,29.41535,2.037467
4.9,23.14726,2.041633,29.47201,2.041633
4.91,23.19574,2.045833,29.53374,2.045833
4.92,23.2474,2.049967,29.59951,2.049967
4.93,23.29747,2.054133,29.66326,2.054133
4.94,23.33721,2.058333,29.71385,2.058333
4.95,23.36899,2.062467,29.75433,2.062467
4.96,23.40396,2.066667,29.79885,2.066667
4.97,23.45006,2.0708,29.85754,2.0708
4.98,23.50251,2.074967,29.92432,2.074967
4.99,23.54701,2.079167,29.98099,2.079167
5,23.58357,2.0833,30.02753,2.0833
5.01,23.62172,2.087467,30.0761,2.087467
5.02,23.66622,2.091633,30.13277,2.091633
5.03,23.71947,2.0958,30.20057,2.0958
5.04,23.77033,2.099967,30.26533,2.099967
5.05,23.81563,2.104133,30.323,2.104133
5.06,23.85378,2.1083,30.37157,2.1083
5.07,23.89113,2.1125,30.41913,2.1125
5.08,23.93087,2.116633,30.46973,2.116633
5.09,23.97537,2.1208,30.52639,2.1208
5.1,24.02147,2.125,30.58508,2.125
5.11,24.07154,2.129133,30.64883,2.129133
5.12,24.1216,2.1333,30.71258,2.1333
5.13,24.16929,2.137467,30.77329,2.137467
5.14,24.20982,2.141633,30.8249,2.141633
5.15,24.24876,2.145833,30.87448,2.145833
5.16,24.28691,2.149967,30.92305,2.149967
5.17,24.333,2.154133,30.98174,2.154133
5.18,24.38466,2.158333,31.04751,2.158333
5.19,24.44108,2.162467,31.11935,2.162467
5.2,24.49592,2.166667,31.18917,2.166667
5.21,24.5436,2.1708,31.24989,2.1708
5.22,24.58016,2.174967,31.29643,2.174967
5.23,24.61354,2.179167,31.33893,2.179167
5.24,24.65328,2.1833,31.38953,2.1833
5.25,24.69937,2.187467,31.44821,2.187467
5.26,24.74705,2.191667,31.50893,2.191667
5.27,24.79474,2.1958,31.56964,2.1958
5.28,24.84322,2.199967,31.63136,2.199967
5.29,24.89328,2.204133,31.69511,2.204133
5.3,24.93938,2.2083,31.7538,2.2083
5.31,24.98309,2.2125,31.80945,2.2125
5.32,25.03077,2.216633,31.87017,2.216633
5.33,25.08163,2.220833,31.93493,2.220833
5.34,25.1317,2.225,31.99868,2.225
5.35,25.177,2.229133,32.05635,2.229133
5.36,25.21753,2.233333,32.10796,2.233333
5.37,25.25727,2.237467,32.15855,2.237467
5.38,25.29621,2.241633,32.20813,2.241633
5.39,25.33436,2.245833,32.25671,2.245833
5.4,25.37568,2.249967,32.30933,2.249967
5.41,25.42257,2.254133,32.36903,2.254133
5.42,25.47026,2.258333,32.42974,2.258333
5.43,25.51397,2.262467,32.48539,2.262467
5.44,25.5545,2.266667,32.537,2.266667
5.45,25.59582,2.2708,32.58961,2.2708
5.46,25.63715,2.274967,32.64223,2.274967
5.47,25.68007,2.279167,32.69687,2.279167
5.48,25.7198,2.2833,32.74747,2.2833
5.49,25.75715,2.287467,32.79502,2.287467
5.5,25.79689,2.291667,32.84562,2.291667
5.51,25.84219,2.2958,32.9033,2.2958
5.52,25.89067,2.299967,32.96502,2.299967
5.53,25.94074,2.304133,33.02877,2.304133
5.54,25.99319,2.3083,33.09555,2.3083
5.55,26.04723,2.312467,33.16436,2.312467
5.56,26.09809,2.316633,33.22912,2.316633
5.57,26.14101,2.3208,33.28376,2.3208
5.58,26.17756,2.324967,33.33031,2.324967
5.59,26.22048,2.329133,33.38495,2.329133
5.6,26.26657,2.3333,33.44364,2.3333
5.61,26.30631,2.337467,33.49423,2.337467
5.62,26.33651,2.341633,33.53269,2.341633
5.63,26.36909,2.345833,33.57417,2.345833
5.64,26.40724,2.349967,33.62275,2.349967
5.65,26.44857,2.354133,33.67536,2.354133
5.66,26.49546,2.358333,33.73506,2.358333
5.67,26.54711,2.362467,33.80083,2.362467
5.68,26.59957,2.366633,33.86762,2.366633
5.69,26.64725,2.3708,33.92833,2.3708
5.7,26.68778,2.374967,33.97993,2.374967
5.71,26.72911,2.379167,34.03255,2.379167
5.72,26.77759,2.3833,34.09428,2.3833
5.73,26.82924,2.387467,34.16005,2.387467
5.74,26.87613,2.391633,34.21975,2.391633
5.75,26.91746,2.395767,34.27237,2.395767
5.76,26.95878,2.399967,34.32499,2.399967
5.77,27.00329,2.404133,34.38165,2.404133
5.78,27.04938,2.4083,34.44034,2.4083
5.79,27.09707,2.4125,34.50106,2.4125
5.8,27.14157,2.416633,34.55772,2.416633
5.81,27.1829,2.4208,34.61034,2.4208
5.82,27.21628,2.424967,34.65284,2.424967
5.83,27.24409,2.429133,34.68825,2.429133
5.84,27.27747,2.4333,34.73075,2.4333
5.85,27.32754,2.437467,34.7945,2.437467
5.86,27.39032,2.441633,34.87444,2.441633
5.87,27.44834,2.445833,34.94831,2.445833
5.88,27.49681,2.449967,35.01003,2.449967
5.89,27.54211,2.454133,35.06771,2.454133
5.9,27.58185,2.458333,35.1183,2.458333
5.91,27.61523,2.462467,35.1608,2.462467
5.92,27.64781,2.466633,35.20229,2.466633
5.93,27.68914,2.4708,35.25491,2.4708
5.94,27.73444,2.474967,35.31258,2.474967
5.95,27.78133,2.479167,35.37228,2.479167
5.96,27.82504,2.4833,35.42794,2.4833
5.97,27.8608,2.4875,35.47347,2.4875
5.98,27.89179,2.491633,35.51294,2.491633
5.99,27.92517,2.4958,35.55544,2.4958
6,27.96253,2.499967,35.60299,2.499967
6.01,28.00226,2.504133,35.65359,2.504133
6.02,28.042,2.5083,35.70418,2.5083
6.03,28.08253,2.5125,35.75579,2.5125
6.04,28.12624,2.516633,35.81144,2.516633
6.05,28.16836,2.5208,35.86507,2.5208
6.06,28.21128,2.525,35.91971,2.525
6.07,28.2534,2.529133,35.97334,2.529133
6.08,28.29552,2.5333,36.02697,2.5333
6.09,28.33764,2.537467,36.0806,2.537467
6.1,28.37658,2.541633,36.13018,2.541633
6.11,28.41632,2.545833,36.18077,2.545833
6.12,28.46003,2.549967,36.23643,2.549967
6.13,28.5085,2.554167,36.29815,2.554167
6.14,28.55698,2.5583,36.35988,2.5583
6.15,28.60228,2.562467,36.41756,2.562467
6.16,28.6452,2.566667,36.47219,2.566667
6.17,28.69129,2.5708,36.53089,2.5708
6.18,28.73659,2.574967,36.58856,2.574967
6.19,28.77792,2.579167,36.64118,2.579167
6.2,28.81845,2.5833,36.69279,2.5833
6.21,28.86454,2.587467,36.75148,2.587467
6.22,28.91461,2.591667,36.81522,2.591667
6.23,28.96229,2.5958,36.87594,2.5958
6.24,29.00442,2.599967,36.92957,2.599967
6.25,29.03938,2.604133,36.97409,2.604133
6.26,29.07356,2.6083,37.0176,2.6083
6.27,29.11091,2.6125,37.06516,2.6125
6.28,29.15303,2.616633,37.11879,2.616633
6.29,29.19515,2.6208,37.17242,2.6208
6.3,29.23489,2.624967,37.22301,2.624967
6.31,29.27621,2.629133,37.27563,2.629133
6.32,29.31436,2.6333,37.3242,2.6333
6.33,29.3541,2.637467,37.37479,2.637467
6.34,29.39701,2.641633,37.42944,2.641633
6.35,29.43913,2.6458,37.48306,2.6458
6.36,29.48284,2.649967,37.53872,2.649967
6.37,29.52973,2.654133,37.59842,2.654133
6.38,29.57344,2.6583,37.65407,2.6583
6.39,29.61715,2.662467,37.70973,2.662467
6.4,29.66324,2.666633,37.76841,2.666633
6.41,29.70934,2.6708,37.8271,2.6708
6.42,29.74907,2.674967,37.8777,2.674967
6.43,29.78404,2.679167,37.92222,2.679167
6.44,29.81583,2.6833,37.9627,2.6833
6.45,29.85159,2.687467,38.00823,2.687467
6.46,29.89292,2.691633,38.06085,2.691633
6.47,29.94061,2.6958,38.12156,2.6958
6.48,29.98908,2.699967,38.18329,2.699967
6.49,30.03518,2.704133,38.24197,2.704133
6.5,30.0773,2.7083,38.2956,2.7083
6.51,30.12101,2.7125,38.35126,2.7125
6.52,30.16551,2.716633,38.40792,2.716633
6.53,30.20684,2.7208,38.46054,2.7208
6.54,30.23863,2.724967,38.50101,2.724967
6.55,30.26565,2.729133,38.53542,2.729133
6.56,30.29903,2.733333,38.57792,2.733333
6.57,30.33479,2.737467,38.62346,2.737467
6.58,30.36499,2.741633,38.6619,2.741633
6.59,30.39519,2.745833,38.70036,2.745833
6.6,30.44049,2.749967,38.75803,2.749967
6.61,30.49374,2.754133,38.82583,2.754133
6.62,30.54778,2.7583,38.89464,2.7583
6.63,30.59626,2.762467,38.95636,2.762467
6.64,30.63917,2.766633,39.01101,2.766633
6.65,30.67255,2.7708,39.0535,2.7708
6.66,30.70196,2.774967,39.09094,2.774967
6.67,30.72977,2.779167,39.12636,2.779167
6.68,30.76235,2.7833,39.16784,2.7833
6.69,30.80527,2.787467,39.22248,2.787467
6.7,30.86487,2.791633,39.29838,2.791633
6.71,30.92448,2.7958,39.37427,2.7958
6.72,30.97057,2.799967,39.43296,2.799967
6.73,31.01349,2.804133,39.4876,2.804133
6.74,31.06197,2.808333,39.54932,2.808333
6.75,31.11362,2.812533,39.6151,2.812533
6.76,31.15574,2.816667,39.66872,2.816667
6.77,31.1931,2.820833,39.71629,2.820833
6.78,31.23601,2.825,39.77093,2.825
6.79,31.28529,2.829167,39.83366,2.829167
6.8,31.32979,2.833333,39.89033,2.833333
6.81,31.36873,2.8375,39.93991,2.8375
6.82,31.40529,2.841667,39.98646,2.841667
6.83,31.44503,2.845867,40.03705,2.845867
6.84,31.48635,2.85,40.08967,2.85
6.85,31.53006,2.854167,40.14532,2.854167
6.86,31.57218,2.858333,40.19895,2.858333
6.87,31.60715,2.8625,40.24347,2.8625
6.88,31.63735,2.866667,40.28193,2.866667
6.89,31.67868,2.8708,40.33454,2.8708
6.9,31.72954,2.875,40.3993,2.875
6.91,31.77722,2.879167,40.46002,2.879167
6.92,31.81458,2.8833,40.50758,2.8833
6.93,31.84636,2.8875,40.54805,2.8875
6.94,31.88133,2.891667,40.59257,2.891667
6.95,31.91471,2.895833,40.63507,2.895833
6.96,31.95047,2.9,40.68061,2.9
6.97,31.99498,2.904167,40.73727,2.904167
6.98,32.04505,2.908333,40.80102,2.908333
6.99,32.09352,2.9125,40.86274,2.9125
7,32.13644,2.916633,40.91739,2.916633
7.01,32.16982,2.920833,40.95988,2.920833
7.02,32.19764,2.925,40.9953,2.925
7.03,32.2334,2.929167,41.04084,2.929167
7.04,32.28267,2.933333,41.10357,2.933333
7.05,32.33274,2.937467,41.16732,2.937467
7.06,32.37327,2.941667,41.21893,2.941667
7.07,32.40824,2.945833,41.26345,2.945833
7.08,32.44638,2.949967,41.31202,2.949967
7.09,32.48851,2.954167,41.36565,2.954167
7.1,32.52983,2.958333,41.41827,2.958333
7.11,32.57354,2.9625,41.47392,2.9625
7.12,32.62202,2.966667,41.53564,2.966667
7.13,32.67209,2.970833,41.5994,2.970833
7.14,32.71818,2.975,41.65808,2.975
7.15,32.75315,2.979167,41.70261,2.979167
7.16,32.78096,2.983333,41.73802,2.983333
7.17,32.81037,2.9875,41.77546,2.9875
7.18,32.85011,2.991667,41.82605,2.991667
7.19,32.8954,2.9958,41.88373,2.9958
7.2,32.93991,3,41.9404,3
7.21,32.98362,3.004167,41.99605,3.004167
7.22,33.02813,3.008333,42.05272,3.008333
7.23,33.07183,3.0125,42.10837,3.0125
7.24,33.11555,3.016667,42.16402,3.016667
7.25,33.15926,3.020833,42.21967,3.020833
7.26,33.20138,3.025,42.27331,3.025
7.27,33.24509,3.029167,42.32896,3.029167
7.28,33.28721,3.033333,42.38259,3.033333
7.29,33.32456,3.037467,42.43015,3.037467
7.3,33.35555,3.041667,42.46961,3.041667
7.31,33.38337,3.045833,42.50502,3.045833
7.32,33.41436,3.049967,42.54449,3.049967
7.33,33.4541,3.054167,42.59509,3.054167
7.34,33.50258,3.058333,42.65681,3.058333
7.35,33.55424,3.0625,42.72258,3.0625
7.36,33.60112,3.066667,42.78228,3.066667
7.37,33.64642,3.0708,42.83995,3.0708
7.38,33.68775,3.075,42.89258,3.075
7.39,33.72987,3.079167,42.9462,3.079167
7.4,33.77358,3.083333,43.00186,3.083333
7.41,33.82047,3.0875,43.06156,3.0875
7.42,33.87213,3.091667,43.12733,3.091667
7.43,33.91822,3.095833,43.18602,3.095833
7.44,33.9524,3.1,43.22953,3.1
7.45,33.97942,3.104133,43.26394,3.104133
7.46,34.00564,3.108333,43.29733,3.108333
7.47,34.03981,3.1125,43.34084,3.1125
7.48,34.08353,3.116633,43.39649,3.116633
7.49,34.12564,3.120833,43.45012,3.120833
7.5,34.16061,3.125,43.49464,3.125
7.51,34.19399,3.129167,43.53714,3.129167
7.52,34.23373,3.133333,43.58774,3.133333
7.53,34.27823,3.1375,43.6444,3.1375
7.54,34.32195,3.141667,43.70006,3.141667
7.55,34.36565,3.145833,43.75571,3.145833
7.56,34.40619,3.15,43.80732,3.15
7.57,34.44274,3.154167,43.85386,3.154167
7.58,34.47692,3.158333,43.89737,3.158333
7.59,34.51188,3.1625,43.94189,3.1625
7.6,34.54606,3.166667,43.9854,3.166667
7.61,34.57864,3.1708,44.02689,3.1708
7.62,34.61202,3.175,44.06939,3.175
7.63,34.65017,3.1792,44.11796,3.1792
7.64,34.69785,3.183333,44.17867,3.183334
7.65,34.74871,3.1875,44.24343,3.1875
7.66,34.79878,3.191667,44.30719,3.191667
7.67,34.84488,3.195833,44.36587,3.195833
7.68,34.887,3.2,44.4195,3.2
7.69,34.92832,3.204167,44.47212,3.204166
7.7,34.96965,3.208333,44.52473,3.208333
7.71,35.01256,3.2125,44.57938,3.2125
7.72,35.06025,3.216667,44.64009,3.216667
7.73,35.10873,3.220833,44.70182,3.220834
7.74,35.15482,3.225,44.76051,3.225
7.75,35.20012,3.229167,44.81818,3.229167
7.76,35.24383,3.233333,44.87383,3.233333
7.77,35.28595,3.2375,44.92746,3.2375
7.78,35.32727,3.241667,44.98008,3.241667
7.79,35.36304,3.245833,45.02562,3.245833
7.8,35.39324,3.25,45.06407,3.25
7.81,35.42423,3.254167,45.10353,3.254167
7.82,35.46,3.258333,45.14907,3.258333
7.83,35.5037,3.2625,45.20472,3.2625
7.84,35.54503,3.266667,45.25734,3.266667
7.85,35.58238,3.2708,45.30489,3.2708
7.86,35.61656,3.275,45.34841,3.275
7.87,35.65391,3.279167,45.39597,3.279167
7.88,35.69603,3.2833,45.4496,3.2833
7.89,35.73815,3.2875,45.50323,3.2875
7.9,35.77948,3.291667,45.55584,3.291667
7.91,35.8216,3.295833,45.60947,3.295833
7.92,35.86531,3.3,45.66513,3.3
7.93,35.9114,3.304167,45.72381,3.304167
7.94,35.95988,3.308333,45.78554,3.308333
7.95,36.00359,3.3125,45.84119,3.3125
7.96,36.04094,3.316667,45.88875,3.316667
7.97,36.07829,3.320833,45.93631,3.320833
7.98,36.11803,3.325,45.9869,3.325
7.99,36.15856,3.329167,46.03851,3.329167
8,36.19592,3.333333,46.08607,3.333333
8.01,36.23486,3.337467,46.13565,3.337467
8.02,36.27539,3.341667,46.18726,3.341667
8.03,36.32148,3.345833,46.24594,3.345833
8.04,36.36758,3.35,46.30463,3.35
8.05,36.41049,3.354167,46.35928,3.354167
8.06,36.44625,3.358333,46.40481,3.358333
8.07,36.47566,3.3625,46.44225,3.3625
8.08,36.50348,3.366667,46.47766,3.366667
8.09,36.53447,3.3708,46.51713,3.3708
8.1,36.56944,3.375,46.56165,3.375
8.11,36.60758,3.379167,46.61022,3.379167
8.12,36.6497,3.3833,46.66385,3.3833
8.13,36.69103,3.3875,46.71647,3.3875
8.14,36.72441,3.391667,46.75896,3.391667
8.15,36.75779,3.3958,46.80146,3.3958
8.16,36.8015,3.4,46.85712,3.4
8.17,36.85077,3.404167,46.91985,3.404166
8.18,36.89448,3.408333,46.97551,3.408333
8.19,36.93183,3.4125,47.02307,3.4125
8.2,36.96759,3.416633,47.0686,3.416633
8.21,37.00733,3.420833,47.1192,3.420834
8.22,37.04707,3.425,47.16979,3.425
8.23,37.08283,3.429167,47.21533,3.429167
8.24,37.1178,3.433333,47.25985,3.433333
8.25,37.15594,3.437467,47.30842,3.437467
8.26,37.19966,3.441667,47.36407,3.441666
8.27,37.24098,3.445833,47.41669,3.445833
8.28,37.27913,3.449967,47.46526,3.449967
8.29,37.32045,3.454167,47.51788,3.454167
8.3,37.36814,3.458333,47.57859,3.458333
8.31,37.41662,3.4625,47.64032,3.4625
8.32,37.45635,3.466667,47.69091,3.466667
8.33,37.48814,3.470833,47.73138,3.470833
8.34,37.51914,3.475,47.77085,3.475
8.35,37.5549,3.479167,47.81638,3.479167
8.36,37.59623,3.4833,47.869,3.4833
8.37,37.63914,3.4875,47.92364,3.4875
8.38,37.67888,3.491667,47.97424,3.491667
8.39,37.70987,3.4958,48.0137,3.4958
8.4,37.74245,3.5,48.05518,3.5
8.41,37.78219,3.504133,48.10578,3.504134
8.42,37.83067,3.508333,48.1675,3.508333
8.43,37.88074,3.5125,48.23125,3.5125
8.44,37.92286,3.516633,48.28488,3.516634
8.45,37.96101,3.520833,48.33345,3.520833
8.46,37.99756,3.525,48.38,3.525
8.47,38.03333,3.529167,48.42553,3.529167
8.48,38.06909,3.533333,48.47107,3.533333
8.49,38.10723,3.537467,48.51964,3.537467
8.5,38.14856,3.541667,48.57226,3.541667
8.51,38.18671,3.545833,48.62083,3.545833
8.52,38.22168,3.549967,48.66535,3.549967
8.53,38.26141,3.554167,48.71594,3.554167
8.54,38.30194,3.558333,48.76755,3.558333
8.55,38.3393,3.562467,48.81511,3.562467
8.56,38.37903,3.566667,48.8657,3.566667
8.57,38.42831,3.5708,48.92844,3.5708
8.58,38.4752,3.574967,48.98814,3.574967
8.59,38.50858,3.579167,49.03064,3.579166
8.6,38.53798,3.5833,49.06808,3.5833
8.61,38.57374,3.5875,49.11361,3.5875
8.62,38.61666,3.591667,49.16825,3.591667
8.63,38.6548,3.595833,49.21682,3.595834
8.64,38.68818,3.6,49.25932,3.6
8.65,38.71997,3.604133,49.2998,3.604133
8.66,38.75971,3.608333,49.35039,3.608333
8.67,38.80898,3.6125,49.41313,3.6125
8.68,38.85746,3.616633,49.47485,3.616633
8.69,38.89163,3.620833,49.51836,3.620834
8.7,38.91786,3.625,49.55175,3.625
8.71,38.94488,3.629167,49.58616,3.629167
8.72,38.98303,3.633333,49.63473,3.633333
8.73,39.02912,3.6375,49.69342,3.6375
8.74,39.07521,3.641667,49.75211,3.641666
8.75,39.11893,3.645833,49.80776,3.645833
8.76,39.16264,3.65,49.86341,3.65
8.77,39.20317,3.654167,49.91502,3.654167
8.78,39.23814,3.658333,49.95955,3.658333
8.79,39.26913,3.6625,49.99901,3.6625
8.8,39.29853,3.666667,50.03645,3.666667
8.81,39.33271,3.6708,50.07996,3.6708
8.82,39.37165,3.675,50.12954,3.675
8.83,39.41218,3.679167,50.18115,3.679167
8.84,39.4551,3.6833,50.23579,3.6833
8.85,39.4996,3.6875,50.29245,3.6875
8.86,39.54728,3.691667,50.35316,3.691667
8.87,39.59179,3.695833,50.40983,3.695833
8.88,39.62914,3.7,50.45739,3.7
8.89,39.66252,3.704133,50.49989,3.704133
8.9,39.69987,3.708333,50.54744,3.708333
8.91,39.74279,3.7125,50.60209,3.7125
8.92,39.7857,3.716633,50.65673,3.716634
8.93,39.81749,3.720833,50.6972,3.720833
8.94,39.84849,3.725,50.73667,3.725
8.95,39.88028,3.729167,50.77714,3.729167
8.96,39.91604,3.733333,50.82268,3.733333
8.97,39.95498,3.737467,50.87226,3.737467
8.98,39.99313,3.741633,50.92083,3.741633
8.99,40.03127,3.745833,50.9694,3.745833
9,40.06863,3.75,51.01696,3.75
9.01,40.09962,3.754167,51.05642,3.754167
9.02,40.12505,3.758333,51.0888,3.758334
9.03,40.15366,3.7625,51.12523,3.7625
9.04,40.19181,3.766667,51.1738,3.766667
9.05,40.23949,3.7708,51.23451,3.7708
9.06,40.284,3.775,51.29118,3.775
9.07,40.31976,3.779167,51.33671,3.779166
9.08,40.35314,3.7833,51.37921,3.7833
9.09,40.38572,3.7875,51.4207,3.7875
9.1,40.4199,3.791667,51.46421,3.791667
9.11,40.45169,3.7958,51.50468,3.7958
9.12,40.48507,3.8,51.54718,3.8
9.13,40.52242,3.804133,51.59474,3.804133
9.14,40.56851,3.808333,51.65343,3.808333
9.15,40.62096,3.8125,51.72021,3.8125
9.16,40.67023,3.816633,51.78295,3.816633
9.17,40.71474,3.820833,51.83961,3.820834
9.18,40.75686,3.825,51.89325,3.825
9.19,40.80057,3.829133,51.9489,3.829133
9.2,40.84428,3.833333,52.00455,3.833333
9.21,40.88799,3.837467,52.06021,3.837467
9.22,40.92614,3.841667,52.10878,3.841667
9.23,40.95872,3.845833,52.15026,3.845833
9.24,40.98813,3.85,52.18771,3.85
9.25,41.02151,3.854167,52.23021,3.854167
9.26,41.06204,3.858333,52.28181,3.858333
9.27,41.10734,3.8625,52.33949,3.8625
9.28,41.14787,3.866667,52.39109,3.866667
9.29,41.18125,3.8708,52.43359,3.8708
9.3,41.21383,3.875,52.47507,3.875
9.31,41.25357,3.879167,52.52567,3.879167
9.32,41.29648,3.8833,52.58031,3.8833
9.33,41.33384,3.8875,52.62787,3.8875
9.34,41.36642,3.891667,52.66936,3.891667
9.35,41.39582,3.8958,52.7068,3.8958
9.36,41.43,3.9,52.75031,3.9
9.37,41.46973,3.904133,52.8009,3.904133
9.38,41.51344,3.9083,52.85656,3.9083
9.39,41.55715,3.9125,52.91221,3.9125
9.4,41.5953,3.916633,52.96078,3.916634
9.41,41.63027,3.920833,53.0053,3.920833
9.42,41.66603,3.925,53.05084,3.925
9.43,41.70338,3.929167,53.0984,3.929167
9.44,41.74392,3.933333,53.15,3.933333
9.45,41.78683,3.937467,53.20464,3.937466
9.46,41.82339,3.941667,53.25119,3.941667
9.47,41.85438,3.945833,53.29065,3.945833
9.48,41.88538,3.949967,53.33012,3.949967
9.49,41.92352,3.954167,53.37868,3.954167
9.5,41.96326,3.958333,53.42928,3.958334
9.51,42.0022,3.9625,53.47886,3.9625
9.52,42.04035,3.966667,53.52743,3.966667
9.53,42.0785,3.970833,53.576,3.970833
9.54,42.10949,3.975,53.61547,3.975
9.55,42.13412,3.979167,53.64683,3.979167
9.56,42.16194,3.983333,53.68225,3.983333
9.57,42.19691,3.9875,53.72677,3.9875
9.58,42.23664,3.991667,53.77737,3.991667
9.59,42.27718,3.9958,53.82897,3.9958
9.6,42.31215,4,53.87349,4
9.61,42.34314,4.004133,53.91296,4.004133
9.62,42.37493,4.008333,53.95343,4.008333
9.63,42.41467,4.0125,54.00403,4.0125
9.64,42.45679,4.016634,54.05766,4.016634
9.65,42.49414,4.020833,54.10521,4.020833
9.66,42.52752,4.025,54.14771,4.025
9.67,42.56089,4.029133,54.19021,4.029133
9.68,42.59666,4.033333,54.23575,4.033333
9.69,42.63878,4.037467,54.28938,4.037467
9.7,42.69123,4.041667,54.35616,4.041667
9.71,42.74289,4.045834,54.42194,4.045834
9.72,42.78024,4.049967,54.46949,4.049967
9.73,42.80408,4.054167,54.49985,4.054167
9.74,42.8311,4.058333,54.53426,4.058333
9.75,42.87084,4.062467,54.58485,4.062467
9.76,42.91852,4.066667,54.64556,4.066667
9.77,42.96223,4.0708,54.70121,4.0708
9.78,42.998,4.075,54.74675,4.075
9.79,43.0274,4.079167,54.78419,4.079167
9.8,43.06078,4.0833,54.82669,4.0833
9.81,43.10449,4.0875,54.88234,4.0875
9.82,43.15297,4.091667,54.94407,4.091667
9.83,43.19509,4.0958,54.99769,4.0958
9.84,43.23165,4.1,55.04424,4.1
9.85,43.26184,4.104134,55.08269,4.104134
9.86,43.29284,4.108334,55.12215,4.108334
9.87,43.32383,4.1125,55.16162,4.1125
9.88,43.35801,4.116633,55.20513,4.116633
9.89,43.39536,4.1208,55.25269,4.1208
9.9,43.43271,4.125,55.30025,4.125
9.91,43.46688,4.129133,55.34375,4.129133
9.92,43.50026,4.1333,55.38625,4.1333
9.93,43.53126,4.137467,55.42572,4.137467
9.94,43.56305,4.141667,55.46619,4.141667
9.95,43.59961,4.145833,55.51274,4.145833
9.96,43.63934,4.149967,55.56334,4.149967
9.97,43.67987,4.154167,55.61494,4.154167
9.98,43.71961,4.158333,55.66553,4.158333
9.99,43.7514,4.162467,55.70601,4.162467
10,43.77763,4.166667,55.7394,4.166667
10.01,43.80703,4.1708,55.77684,4.1708
10.02,43.84518,4.175,55.82541,4.175
10.03,43.8865,4.179167,55.87803,4.179167
10.04,43.93021,4.183333,55.93369,4.183333
10.05,43.97392,4.1875,55.98933,4.1875
10.06,44.01684,4.191667,56.04398,4.191667
10.07,44.05658,4.195833,56.09457,4.195833
10.08,44.09154,4.2,56.13909,4.2
10.09,44.12333,4.204134,56.17957,4.204134
10.1,44.15591,4.208333,56.22105,4.208333
10.11,44.19009,4.2125,56.26457,4.2125
10.12,44.22903,4.216633,56.31415,4.216633
10.13,44.26718,4.220833,56.36272,4.220833
10.14,44.30453,4.225,56.41028,4.225
10.15,44.34109,4.229134,56.45683,4.229134
10.16,44.38083,4.233334,56.50742,4.233334
10.17,44.42056,4.237467,56.55801,4.237467
10.18,44.45712,4.241633,56.60456,4.241633
10.19,44.48732,4.245833,56.64301,4.245833
10.2,44.52069,4.249967,56.68551,4.249967
10.21,44.56441,4.254167,56.74117,4.254167
10.22,44.6105,4.258333,56.79985,4.258333
10.23,44.64785,4.2625,56.84741,4.2625
10.24,44.67487,4.266667,56.88181,4.266667
10.25,44.70587,4.2708,56.92128,4.2708
10.26,44.74799,4.275,56.97491,4.275
10.27,44.79488,4.279167,57.03461,4.279167
10.28,44.83859,4.2833,57.09026,4.2833
10.29,44.8815,4.2875,57.14491,4.2875
10.3,44.92601,4.291667,57.20156,4.291667
10.31,44.96972,4.295834,57.25722,4.295834
10.32,45.0031,4.3,57.29972,4.3
10.33,45.03091,4.304133,57.33513,4.304133
10.34,45.06429,4.308333,57.37763,4.308333
10.35,45.108,4.3125,57.43329,4.3125
10.36,45.1533,4.316633,57.49097,4.316633
10.37,45.19383,4.320833,57.54257,4.320833
10.38,45.23118,4.325,57.59013,4.325
10.39,45.26536,4.329134,57.63364,4.329134
10.4,45.30032,4.333333,57.67816,4.333333
10.41,45.33212,4.337467,57.71864,4.337467
10.42,45.36073,4.341667,57.75507,4.341667
10.43,45.38774,4.345833,57.78947,4.345833
10.44,45.41476,4.349967,57.82387,4.349967
10.45,45.4402,4.354167,57.85625,4.354167
10.46,45.46563,4.358334,57.88864,4.358334
10.47,45.49503,4.362467,57.92607,4.362467
10.48,45.52762,4.366633,57.96756,4.366633
10.49,45.5602,4.3708,58.00904,4.3708
10.5,45.59676,4.375,58.0556,4.375
10.51,45.63729,4.379167,58.1072,4.379167
10.52,45.67702,4.3833,58.15779,4.3833
10.53,45.71597,4.3875,58.20738,4.3875
10.54,45.7565,4.391667,58.25898,4.391667
10.55,45.79623,4.3958,58.30957,4.3958
10.56,45.832,4.4,58.35511,4.4
10.57,45.86935,4.404133,58.40267,4.404133
10.58,45.90432,4.4083,58.44719,4.4083
10.59,45.93213,4.4125,58.4826,4.4125
10.6,45.95677,4.416634,58.51398,4.416634
10.61,45.98379,4.420834,58.54838,4.420834
10.62,46.02114,4.425,58.59594,4.425
10.63,46.06565,4.429133,58.6526,4.429133
10.64,46.11015,4.433333,58.70927,4.433333
10.65,46.14909,4.437467,58.75885,4.437467
10.66,46.18327,4.441633,58.80236,4.441633
10.67,46.22062,4.445833,58.84992,4.445833
10.68,46.26274,4.449967,58.90355,4.449967
10.69,46.30407,4.454167,58.95617,4.454167
10.7,46.33904,4.458333,59.00069,4.458333
10.71,46.37241,4.462467,59.04319,4.462467
10.72,46.40818,4.466667,59.08872,4.466667
10.73,46.44791,4.4708,59.13932,4.4708
10.74,46.49003,4.475,59.19295,4.475
10.75,46.53374,4.479167,59.2486,4.479167
10.76,46.57428,4.4833,59.30021,4.4833
10.77,46.61163,4.4875,59.34776,4.4875
10.78,46.64262,4.491667,59.38723,4.491667
10.79,46.67044,4.4958,59.42265,4.4958
10.8,46.69905,4.5,59.45907,4.5
10.81,46.73243,4.504133,59.50157,4.504133
10.82,46.76978,4.5083,59.54913,4.5083
10.83,46.80793,4.5125,59.5977,4.5125
10.84,46.84528,4.516634,59.64526,4.516634
10.85,46.88104,4.520833,59.69079,4.520833
10.86,46.91919,4.525,59.73936,4.525
10.87,46.95813,4.529167,59.78895,4.529167
10.88,46.99628,4.533333,59.83752,4.533333
10.89,47.03124,4.537467,59.88203,4.537467
10.9,47.06065,4.541667,59.91948,4.541667
10.91,47.08767,4.545834,59.95388,4.545834
10.92,47.1139,4.549967,59.98727,4.549967
10.93,47.14886,4.554167,60.0318,4.554167
10.94,47.19257,4.558333,60.08745,4.558333
10.95,47.23708,4.562467,60.14412,4.562467
10.96,47.27999,4.566667,60.19876,4.566667
10.97,47.31814,4.5708,60.24733,4.5708
10.98,47.35231,4.574967,60.29084,4.574967
10.99,47.38331,4.579167,60.3303,4.579167
11,47.4143,4.583333,60.36976,4.583333
11.01,47.4453,4.5875,60.40923,4.5875
11.02,47.47947,4.591667,60.45274,4.591667
11.03,47.5208,4.595833,60.50536,4.595833
11.04,47.56451,4.6,60.56101,4.6
11.05,47.60106,4.604134,60.60756,4.604134
11.06,47.62809,4.608334,60.64196,4.608334
11.07,47.65272,4.6125,60.67333,4.6125
11.08,47.67736,4.616633,60.70469,4.616633
11.09,47.70279,4.620833,60.73708,4.620833
11.1,47.73378,4.625,60.77654,4.625
11.11,47.76796,4.629133,60.82005,4.629133
11.12,47.79895,4.633333,60.85951,4.633333
11.13,47.83233,4.637467,60.90201,4.637467
11.14,47.87048,4.641667,60.95058,4.641667
11.15,47.90942,4.645833,61.00017,4.645833
11.16,47.94359,4.649967,61.04367,4.649967
11.17,47.97459,4.654167,61.08314,4.654167
11.18,48.00876,4.658333,61.12665,4.658333
11.19,48.0477,4.662467,61.17624,4.662467
11.2,48.08823,4.666667,61.22784,4.666667
11.21,48.12717,4.6708,61.27742,4.6708
11.22,48.16294,4.674967,61.32296,4.674967
11.23,48.19632,4.679167,61.36545,4.679167
11.24,48.2281,4.6833,61.40593,4.6833
11.25,48.26307,4.687467,61.45045,4.687467
11.26,48.30281,4.691667,61.50105,4.691667
11.27,48.34652,4.6958,61.5567,4.6958
11.28,48.39261,4.7,61.61539,4.7
11.29,48.43871,4.704134,61.67408,4.704134
11.3,48.48083,4.708333,61.7277,4.708333
11.31,48.51659,4.7125,61.77324,4.7125
11.32,48.55394,4.716633,61.8208,4.716633
11.33,48.59368,4.720833,61.8714,4.720833
11.34,48.6358,4.725,61.92502,4.725
11.35,48.67713,4.729134,61.97764,4.729134
11.36,48.71289,4.733334,62.02318,4.733334
11.37,48.73753,4.737467,62.05454,4.737467
11.38,48.75898,4.741633,62.08186,4.741633
11.39,48.7868,4.745833,62.11728,4.745833
11.4,48.82574,4.749967,62.16686,4.749967
11.41,48.86786,4.754133,62.22049,4.754133
11.42,48.90521,4.7583,62.26805,4.7583
11.43,48.94257,4.762467,62.31561,4.762467
11.44,48.9823,4.766634,62.3662,4.766634
11.45,49.01648,4.7708,62.40971,4.7708
11.46,49.04747,4.774967,62.44918,4.774967
11.47,49.07529,4.779167,62.48459,4.779167
11.48,49.10628,4.7833,62.52406,4.7833
11.49,49.13966,4.7875,62.56656,4.7875
11.5,49.17781,4.791667,62.61513,4.791667
11.51,49.21516,4.7958,62.66268,4.7958
11.52,49.24615,4.799967,62.70214,4.799967
11.53,49.27556,4.804133,62.73959,4.804133
11.54,49.30735,4.8083,62.78006,4.8083
11.55,49.3447,4.8125,62.82762,4.8125
11.56,49.38602,4.816633,62.88024,4.816633
11.57,49.42656,4.820833,62.93184,4.820833
11.58,49.47026,4.825,62.9875,4.825
11.59,49.51239,4.829134,63.04113,4.829134
11.6,49.55212,4.833333,63.09172,4.833333
11.61,49.59106,4.837467,63.1413,4.837467
11.62,49.6308,4.841667,63.1919,4.841667
11.63,49.66815,4.845833,63.23945,4.845833
11.64,49.69756,4.849967,63.2769,4.849967
11.65,49.72299,4.854167,63.30927,4.854167
11.66,49.75398,4.858334,63.34874,4.858334
11.67,49.79372,4.8625,63.39933,4.8625
11.68,49.83981,4.866667,63.45802,4.866667
11.69,49.88353,4.8708,63.51368,4.8708
11.7,49.91929,4.875,63.55921,4.875
11.71,49.95108,4.879167,63.59969,4.879167
11.72,49.98286,4.8833,63.64016,4.8833
11.73,50.01307,4.8875,63.67861,4.8875
11.74,50.04247,4.891667,63.71605,4.891667
11.75,50.07903,4.8958,63.7626,4.8958
11.76,50.12433,4.9,63.82027,4.9
11.77,50.16486,4.904133,63.87188,4.904133
11.78,50.19824,4.908333,63.91438,4.908333
11.79,50.22526,4.9125,63.94878,4.9125
11.8,50.25784,4.916634,63.99027,4.916634
11.81,50.29837,4.9208,64.04188,4.9208
11.82,50.34208,4.925,64.09753,4.925
11.83,50.38341,4.929167,64.15015,4.929167
11.84,50.41679,4.933333,64.19264,4.933333
11.85,50.44699,4.937467,64.23109,4.937467
11.86,50.47957,4.941667,64.27258,4.941667
11.87,50.51772,4.945833,64.32116,4.945833
11.88,50.56302,4.949967,64.37883,4.949967
11.89,50.60514,4.954167,64.43246,4.954167
11.9,50.64487,4.958333,64.48306,4.958333
11.91,50.68064,4.962467,64.52859,4.962467
11.92,50.70607,4.966633,64.56097,4.966633
11.93,50.72435,4.9708,64.58424,4.9708
11.94,50.73945,4.975,64.60347,4.975
11.95,50.76647,4.979167,64.63787,4.979167
11.96,50.80462,4.9833,64.68644,4.9833
11.97,50.84594,4.987467,64.73906,4.987467
11.98,50.88091,4.991633,64.78358,4.991633
11.99,50.9127,4.9958,64.82406,4.9958
12,50.94369,5,64.86352,5
12.01,50.97389,5.004133,64.90197,5.004133
12.02,51.0025,5.0083,64.9384,5.0083
12.03,51.03191,5.0125,64.97584,5.0125
12.04,51.06608,5.016634,65.01936,5.016634
12.05,51.10741,5.0208,65.07197,5.0208
12.06,51.14317,5.025,65.1175,5.025
12.07,51.17178,5.029133,65.15393,5.029133
12.08,51.1996,5.033333,65.18935,5.033333
12.09,51.23298,5.037467,65.23185,5.037467
12.1,51.27192,5.041634,65.28143,5.041634
12.11,51.31165,5.045834,65.33202,5.045834
12.12,51.3498,5.049967,65.38059,5.049967
12.13,51.38318,5.054133,65.4231,5.054133
12.14,51.41258,5.058333,65.46053,5.058333
12.15,51.44835,5.062467,65.50607,5.062467
12.16,51.49205,5.066667,65.56171,5.066667
12.17,51.54053,5.0708,65.62344,5.0708
12.18,51.58663,5.074967,65.68214,5.074967
12.19,51.62637,5.079167,65.73273,5.079167
12.2,51.65974,5.0833,65.77523,5.0833
12.21,51.68835,5.087467,65.81165,5.087467
12.22,51.7114,5.091667,65.841,5.091667
12.23,51.73683,5.0958,65.87337,5.0958
12.24,51.76624,5.1,65.91081,5.1
12.25,51.802,5.104134,65.95635,5.104134
12.26,51.84094,5.108334,66.00594,5.108334
12.27,51.87671,5.1125,66.05147,5.1125
12.28,51.91803,5.116633,66.10409,5.116633
12.29,51.96015,5.1208,66.15771,5.1208
12.3,51.99591,5.125,66.20325,5.125
12.31,52.02373,5.129133,66.23866,5.129133
12.32,52.05234,5.133333,66.27509,5.133333
12.33,52.08651,5.137467,66.3186,5.137467
12.34,52.12307,5.141667,66.36515,5.141667
12.35,52.15645,5.145833,66.40765,5.145833
12.36,52.18903,5.149967,66.44914,5.149967
12.37,52.22559,5.154167,66.49568,5.154167
12.38,52.26533,5.158333,66.54628,5.158333
12.39,52.30347,5.162467,66.59485,5.162467
12.4,52.34082,5.166667,66.6424,5.166667
12.41,52.37818,5.1708,66.68996,5.1708
12.42,52.40997,5.174967,66.73044,5.174967
12.43,52.43699,5.179167,66.76485,5.179167
12.44,52.46639,5.1833,66.80228,5.1833
12.45,52.50056,5.187467,66.84579,5.187467
12.46,52.5403,5.191667,66.89639,5.191667
12.47,52.57924,5.1958,66.94597,5.1958
12.48,52.61977,5.199967,66.99757,5.199967
12.49,52.65872,5.204134,67.04716,5.204134
12.5,52.69607,5.208333,67.09472,5.208333
12.51,52.73024,5.2125,67.13823,5.2125
12.52,52.76759,5.216633,67.18578,5.216633
12.53,52.80495,5.220833,67.23335,5.220833
12.54,52.83912,5.225,67.27686,5.225
12.55,52.8717,5.229134,67.31834,5.229134
12.56,52.90349,5.233334,67.35882,5.233334
12.57,52.93687,5.237467,67.40131,5.237467
12.58,52.97105,5.241633,67.44483,5.241633
12.59,52.99966,5.245833,67.48125,5.245833
12.6,53.0227,5.249967,67.5106,5.249967
12.61,53.04813,5.254167,67.54298,5.254167
12.62,53.07913,5.258333,67.58244,5.258333
12.63,53.11648,5.262467,67.63,5.262467
12.64,53.15463,5.266667,67.67857,5.266667
12.65,53.19595,5.2708,67.73119,5.2708
12.66,53.23569,5.274967,67.78178,5.274967
12.67,53.2794,5.279167,67.83744,5.279167
12.68,53.32391,5.2833,67.8941,5.2833
12.69,53.36205,5.2875,67.94267,5.2875
12.7,53.39066,5.291667,67.9791,5.291667
12.71,53.41609,5.2958,68.01148,5.2958
12.72,53.44947,5.299967,68.05398,5.299967
12.73,53.48921,5.304133,68.10458,5.304133
12.74,53.53451,5.3083,68.16225,5.3083
12.75,53.57742,5.312467,68.21689,5.312467
12.76,53.61716,5.316633,68.26749,5.316633
12.77,53.66008,5.3208,68.32213,5.3208
12.78,53.70458,5.324967,68.37879,5.324967
12.79,53.74829,5.329134,68.43445,5.329134
12.8,53.78802,5.333333,68.48504,5.333333
12.81,53.81902,5.337467,68.5245,5.337467
12.82,53.84445,5.341633,68.55688,5.341633
12.83,53.86988,5.345833,68.58926,5.345833
12.84,53.90326,5.349967,68.63177,5.349967
12.85,53.943,5.354167,68.68236,5.354167
12.86,53.98433,5.358334,68.73498,5.358334
12.87,54.02406,5.362467,68.78557,5.362467
12.88,54.05585,5.366633,68.82604,5.366633
12.89,54.07651,5.3708,68.85235,5.3708
12.9,54.09718,5.374967,68.87866,5.374967
12.91,54.12896,5.379167,68.91914,5.379167
12.92,54.17268,5.3833,68.97479,5.3833
12.93,54.21479,5.387467,69.02842,5.387467
12.94,54.24817,5.391667,69.07092,5.391667
12.95,54.2752,5.3958,69.10532,5.3958
12.96,54.30619,5.399967,69.14479,5.399967
12.97,54.33798,5.404133,69.18526,5.404133
12.98,54.36897,5.4083,69.22472,5.4083
12.99,54.39917,5.4125,69.26318,5.4125
13,54.43573,5.416634,69.30972,5.416634
13.01,54.47626,5.4208,69.36133,5.4208
13.02,54.5152,5.425,69.41091,5.425
13.03,54.54699,5.429133,69.45139,5.429133
13.04,54.5764,5.4333,69.48882,5.4333
13.05,54.60342,5.437467,69.52322,5.437467
13.06,54.63282,5.441633,69.56067,5.441633
13.07,54.667,5.445833,69.60418,5.445833
13.08,54.70435,5.449967,69.65174,5.449967
13.09,54.73693,5.454167,69.69322,5.454167
13.1,54.76713,5.458333,69.73167,5.458333
13.11,54.8021,5.462467,69.7762,5.462467
13.12,54.83548,5.466667,69.8187,5.466667
13.13,54.8625,5.4708,69.8531,5.4708
13.14,54.88396,5.475,69.88042,5.475
13.15,54.90859,5.479167,69.91179,5.479167
13.16,54.93879,5.4833,69.95024,5.4833
13.17,54.96979,5.487467,69.98971,5.487467
13.18,55.00158,5.491633,70.03018,5.491633
13.19,55.03814,5.4958,70.07673,5.4958
13.2,55.07469,5.5,70.12328,5.5
13.21,55.10728,5.504133,70.16476,5.504133
13.22,55.13509,5.5083,70.20017,5.5083
13.23,55.16211,5.5125,70.23458,5.5125
13.24,55.19311,5.516634,70.27405,5.516634
13.25,55.22887,5.5208,70.31958,5.5208
13.26,55.26384,5.525,70.3641,5.525
13.27,55.29642,5.529133,70.40559,5.529133
13.28,55.32742,5.533333,70.44505,5.533333
13.29,55.36079,5.537467,70.48755,5.537467
13.3,55.39576,5.541667,70.53207,5.541667
13.31,55.43153,5.545834,70.57761,5.545834
13.32,55.4649,5.549967,70.62011,5.549967
13.33,55.49431,5.554167,70.65755,5.554167
13.34,55.5261,5.5583,70.69802,5.5583
13.35,55.55868,5.562467,70.73951,5.562467
13.36,55.58491,5.566667,70.7729,5.566667
13.37,55.60796,5.5708,70.80225,5.5708
13.38,55.63657,5.574967,70.83868,5.574967
13.39,55.67074,5.579167,70.88219,5.579167
13.4,55.70332,5.5833,70.92368,5.5833
13.41,55.73034,5.587467,70.95808,5.587467
13.42,55.75736,5.591667,70.99248,5.591667
13.43,55.78677,5.5958,71.02992,5.5958
13.44,55.81697,5.6,71.06837,5.6
13.45,55.84558,5.604134,71.1048,5.604134
13.46,55.87339,5.608334,71.14021,5.608334
13.47,55.90041,5.6125,71.17461,5.6125
13.48,55.92585,5.616633,71.20699,5.616633
13.49,55.94969,5.6208,71.23735,5.6208
13.5,55.97274,5.625,71.2667,5.625
13.51,55.99896,5.629133,71.30009,5.629133
13.52,56.02996,5.6333,71.33955,5.6333
13.53,56.06095,5.637467,71.37902,5.637467
13.54,56.09433,5.641634,71.42152,5.641634
13.55,56.12771,5.645833,71.46401,5.645833
13.56,56.15791,5.649967,71.50246,5.649967
13.57,56.18413,5.654167,71.53586,5.654167
13.58,56.21115,5.658333,71.57027,5.658333
13.59,56.24294,5.662467,71.61074,5.662467
13.6,56.27473,5.666667,71.65121,5.666667
13.61,56.30811,5.6708,71.69371,5.6708
13.62,56.34149,5.674967,71.73621,5.674967
13.63,56.37487,5.679167,71.77871,5.679167
13.64,56.40825,5.6833,71.82121,5.6833
13.65,56.4456,5.687467,71.86877,5.687467
13.66,56.48375,5.691667,71.91734,5.691667
13.67,56.52269,5.6958,71.96692,5.6958
13.68,56.56083,5.699967,72.01549,5.699967
13.69,56.59262,5.704134,72.05597,5.704134
13.7,56.61964,5.7083,72.09037,5.7083
13.71,56.65064,5.7125,72.12983,5.7125
13.72,56.6864,5.716633,72.17537,5.716633
13.73,56.72375,5.720833,72.22292,5.720833
13.74,56.76349,5.725,72.27351,5.725
13.75,56.80164,5.729134,72.32209,5.729134
13.76,56.83263,5.733334,72.36155,5.733334
13.77,56.85568,5.737467,72.3909,5.737467
13.78,56.88508,5.741633,72.42834,5.741633
13.79,56.92005,5.745833,72.47286,5.745833
13.8,56.95184,5.749967,72.51333,5.749967
13.81,56.97648,5.754133,72.5447,5.754133
13.82,56.99635,5.7583,72.57,5.7583
13.83,57.01939,5.762467,72.59934,5.762467
13.84,57.048,5.766667,72.63577,5.766667
13.85,57.08138,5.7708,72.67827,5.7708
13.86,57.11873,5.774967,72.72583,5.774967
13.87,57.15529,5.779167,72.77238,5.779167
13.88,57.19185,5.7833,72.81892,5.7833
13.89,57.22364,5.7875,72.8594,5.7875
13.9,57.25066,5.791667,72.8938,5.791667
13.91,57.27609,5.7958,72.92618,5.7958
13.92,57.30391,5.799967,72.96159,5.799967
13.93,57.33728,5.804133,73.0041,5.804133
13.94,57.37066,5.8083,73.04659,5.8083
13.95,57.40325,5.8125,73.08808,5.8125
13.96,57.43663,5.816633,73.13058,5.816633
13.97,57.46682,5.820833,73.16903,5.820833
13.98,57.48908,5.825,73.19736,5.825
13.99,57.50656,5.829134,73.21963,5.829134
14,57.5312,5.833333,73.25099,5.833333
14.01,57.55822,5.837467,73.2854,5.837467
14.02,57.58365,5.841633,73.31778,5.841633
14.03,57.60829,5.845833,73.34915,5.845833
14.04,57.63372,5.849967,73.38152,5.849967
14.05,57.66233,5.854134,73.41795,5.854134
14.06,57.68855,5.858334,73.45135,5.858334
14.07,57.71558,5.862467,73.48575,5.862467
14.08,57.74419,5.866633,73.52218,5.866633
14.09,57.77121,5.8708,73.55658,5.8708
14.1,57.79505,5.874967,73.58694,5.874967
14.11,57.81571,5.879167,73.61325,5.879167
14.12,57.83796,5.8833,73.64158,5.8833
14.13,57.86101,5.8875,73.67093,5.8875
14.14,57.88406,5.891667,73.70026,5.891667
14.15,57.91028,5.8958,73.73366,5.8958
14.16,57.94366,5.9,73.77616,5.9
14.17,57.97863,5.904133,73.82068,5.904133
14.18,58.01042,5.9083,73.86115,5.9083
14.19,58.03903,5.9125,73.89758,5.9125
14.2,58.06923,5.916634,73.93604,5.916634
14.21,58.10261,5.9208,73.97854,5.9208
14.22,58.13758,5.924967,74.02306,5.924967
14.23,58.17254,5.929133,74.06758,5.929133
14.24,58.20513,5.9333,74.10907,5.9333
14.25,58.23612,5.937433,74.14853,5.937433
14.26,58.27188,5.941633,74.19407,5.941633
14.27,58.31559,5.945833,74.24972,5.945833
14.28,58.35533,5.949967,74.30032,5.949967
14.29,58.38394,5.954134,74.33674,5.954134
14.3,58.40302,5.958333,74.36102,5.958333
14.31,58.42765,5.962467,74.3924,5.962467
14.32,58.45547,5.966633,74.42781,5.966633
14.33,58.4801,5.9708,74.45918,5.9708
14.34,58.49918,5.974967,74.48346,5.974967
14.35,58.51587,5.979167,74.50471,5.979167
14.36,58.53653,5.9833,74.53102,5.9833
14.37,58.56593,5.987467,74.56846,5.987467
14.38,58.60011,5.991633,74.61198,5.991633
14.39,58.62951,5.9958,74.64941,5.9958
14.4,58.65256,5.999967,74.67876,5.999967
14.41,58.67481,6.004133,74.70709,6.004133
14.42,58.69786,6.0083,74.73643,6.0083
14.43,58.72329,6.0125,74.76881,6.0125
14.44,58.75508,6.016634,74.80929,6.016634
14.45,58.79164,6.0208,74.85583,6.0208
14.46,58.82819,6.025,74.90238,6.025
14.47,58.86316,6.029133,74.94691,6.029133
14.48,58.89416,6.0333,74.98637,6.0333
14.49,58.92118,6.037467,75.02077,6.037467
14.5,58.94899,6.041634,75.05619,6.041634
14.51,58.9784,6.045834,75.09363,6.045834
14.52,59.00939,6.049967,75.13309,6.049967
14.53,59.04357,6.054167,75.17661,6.054167
14.54,59.08251,6.058333,75.22618,6.058333
14.55,59.12463,6.062467,75.27982,6.062467
14.56,59.16675,6.066633,75.33344,6.066633
14.57,59.20808,6.0708,75.38606,6.0708
14.58,59.24146,6.074967,75.42856,6.074967
14.59,59.26927,6.079167,75.46397,6.079167
14.6,59.29549,6.0833,75.49737,6.0833
14.61,59.32172,6.0875,75.53075,6.0875
14.62,59.35271,6.091667,75.57022,6.091667
14.63,59.38768,6.0958,75.61475,6.0958
14.64,59.42424,6.099967,75.66129,6.099967
14.65,59.45523,6.104134,75.70075,6.104134
14.66,59.47987,6.1083,75.73212,6.1083
14.67,59.50133,6.1125,75.75945,6.1125
14.68,59.52358,6.116633,75.78777,6.116633
14.69,59.54345,6.1208,75.81307,6.1208
14.7,59.5657,6.125,75.84141,6.125
14.71,59.59511,6.129133,75.87885,6.129133
14.72,59.63246,6.1333,75.92641,6.1333
14.73,59.6722,6.137467,75.977,6.137467
14.74,59.70637,6.141634,76.02051,6.141634
14.75,59.73577,6.1458,76.05795,6.1458
14.76,59.76598,6.149967,76.09641,6.149967
14.77,59.79538,6.154133,76.13384,6.154133
14.78,59.82876,6.158333,76.17634,6.158333
14.79,59.86691,6.162467,76.22491,6.162467
14.8,59.90823,6.166667,76.27753,6.166667
14.81,59.94797,6.1708,76.32812,6.1708
14.82,59.98135,6.174967,76.37062,6.174967
14.83,60.01393,6.179167,76.41211,6.179167
14.84,60.0489,6.1833,76.45663,6.1833
14.85,60.08387,6.187467,76.50115,6.187467
14.86,60.11327,6.191633,76.53859,6.191633
14.87,60.14109,6.1958,76.57401,6.1958
14.88,60.17208,6.199967,76.61347,6.199967
14.89,60.20625,6.204134,76.65698,6.204134
14.9,60.24281,6.2083,76.70353,6.2083
14.91,60.27858,6.2125,76.74906,6.2125
14.92,60.31195,6.216633,76.79156,6.216633
14.93,60.33738,6.220833,76.82394,6.220833
14.94,60.35805,6.225,76.85025,6.225
14.95,60.3811,6.229134,76.8796,6.229134
14.96,60.40891,6.2333,76.91501,6.2333
14.97,60.4399,6.237467,76.95448,6.237467
14.98,60.47169,6.241633,76.99495,6.241633
14.99,60.50428,6.2458,77.03644,6.2458
15,60.5305,6.249967,77.06982,6.249967
15.01,60.55037,6.254133,77.09513,6.254133
15.02,60.56547,6.2583,77.11435,6.2583
15.03,60.58852,6.262467,77.1437,6.262467
15.04,60.62031,6.266634,77.18417,6.266634
15.05,60.66163,6.2708,77.23679,6.2708
15.06,60.70535,6.274967,77.29244,6.274967
15.07,60.74588,6.279167,77.34405,6.279167
15.08,60.77925,6.2833,77.38655,6.2833
15.09,60.80627,6.2875,77.42095,6.2875
15.1,60.83488,6.291667,77.45738,6.291667
15.11,60.86429,6.2958,77.49482,6.2958
15.12,60.89131,6.299967,77.52922,6.299967
15.13,60.91436,6.304133,77.55856,6.304133
15.14,60.9382,6.3083,77.58892,6.3083
15.15,60.97158,6.3125,77.63142,6.3125
15.16,61.01449,6.316633,77.68607,6.316633
15.17,61.05741,6.3208,77.7407,6.3208
15.18,61.09238,6.324967,77.78522,6.324967
15.19,61.12019,6.329134,77.82065,6.329134
15.2,61.14483,6.3333,77.85201,6.3333
15.21,61.17344,6.337467,77.88844,6.337467
15.22,61.20682,6.341633,77.93094,6.341633
15.23,61.24099,6.345833,77.97445,6.345833
15.24,61.27198,6.349967,78.01391,6.349967
15.25,61.30616,6.354134,78.05743,6.354134
15.26,61.34908,6.358334,78.11207,6.358334
15.27,61.38881,6.362467,78.16266,6.362467
15.28,61.4206,6.366633,78.20313,6.366633
15.29,61.45239,6.3708,78.24361,6.3708
15.3,61.48497,6.374967,78.2851,6.374967
15.31,61.51438,6.379167,78.32253,6.379167
15.32,61.5414,6.3833,78.35694,6.3833
15.33,61.56762,6.387467,78.39033,6.387467
15.34,61.59782,6.391634,78.42878,6.391634
15.35,61.62961,6.3958,78.46925,6.3958
15.36,61.66299,6.399967,78.51176,6.399967
15.37,61.69398,6.404133,78.55122,6.404133
15.38,61.72578,6.4083,78.5917,6.4083
15.39,61.75756,6.4125,78.63217,6.4125
15.4,61.78697,6.416634,78.66961,6.416634
15.41,61.81558,6.4208,78.70604,6.4208
15.42,61.84578,6.424967,78.74449,6.424967
15.43,61.87916,6.429133,78.78699,6.429133
15.44,61.90777,6.4333,78.82342,6.4333
15.45,61.93717,6.437467,78.86086,6.437467
15.46,61.97214,6.441633,78.90538,6.441633
15.47,62.01188,6.445833,78.95597,6.445833
15.48,62.054,6.449967,79.0096,6.449967
15.49,62.09214,6.454134,79.05817,6.454134
15.5,62.12155,6.4583,79.09561,6.4583
15.51,62.14857,6.462467,79.13001,6.462467
15.52,62.18036,6.466633,79.17049,6.466633
15.53,62.21692,6.4708,79.21704,6.4708
15.54,62.2503,6.474967,79.25954,6.474967
15.55,62.27652,6.479167,79.29293,6.479167
15.56,62.30116,6.4833,79.3243,6.4833
15.57,62.32659,6.487467,79.35668,6.487467
15.58,62.356,6.491633,79.39412,6.491633
15.59,62.38222,6.4958,79.42751,6.4958
15.6,62.39732,6.499967,79.44673,6.499967
15.61,62.41162,6.504133,79.46494,6.504133
15.62,62.43308,6.5083,79.49226,6.5083
15.63,62.46567,6.5125,79.53375,6.5125
15.64,62.50381,6.516634,79.58233,6.516634
15.65,62.54514,6.5208,79.63494,6.5208
15.66,62.57852,6.525,79.67744,6.525
15.67,62.60633,6.529133,79.71286,6.529133
15.68,62.63574,6.5333,79.7503,6.5333
15.69,62.6715,6.537467,79.79583,6.537467
15.7,62.71124,6.541667,79.84643,6.541667
15.71,62.747,6.545834,79.89196,6.545834
15.72,62.7772,6.549967,79.93041,6.549967
15.73,62.80661,6.554133,79.96785,6.554133
15.74,62.83998,6.558333,80.01035,6.558333
15.75,62.87972,6.562467,80.06094,6.562467
15.76,62.92184,6.566633,80.11457,6.566633
15.77,62.95999,6.5708,80.16315,6.5708
15.78,62.99337,6.574967,80.20564,6.574967
15.79,63.02674,6.579134,80.24814,6.579134
15.8,63.0641,6.5833,80.2957,6.5833
15.81,63.10463,6.587467,80.34731,6.587467
15.82,63.13801,6.591667,80.38981,6.591667
15.83,63.16106,6.5958,80.41915,6.5958
15.84,63.17775,6.6,80.4404,6.6
15.85,63.19841,6.604134,80.46671,6.604134
15.86,63.22384,6.6083,80.49909,6.6083
15.87,63.24847,6.6125,80.53046,6.6125
15.88,63.27311,6.6166,80.56183,6.6166
15.89,63.29854,6.6208,80.59421,6.6208
15.9,63.32557,6.625,80.62861,6.625
15.91,63.35497,6.629133,80.66605,6.629133
15.92,63.38437,6.6333,80.70349,6.6333
15.93,63.41378,6.637467,80.74093,6.637467
15.94,63.43921,6.641634,80.77331,6.641634
15.95,63.45749,6.6458,80.79659,6.6458
15.96,63.46941,6.649967,80.81176,6.649967
15.97,63.48451,6.654133,80.83099,6.654133
15.98,63.50915,6.658333,80.86236,6.658333
15.99,63.53934,6.662467,80.9008,6.662467
16,63.57272,6.666634,80.94331,6.666634
16.01,63.60372,6.6708,80.98277,6.6708
16.02,63.63551,6.674967,81.02325,6.674967
16.03,63.67286,6.679167,81.0708,6.679167
16.04,63.71657,6.6833,81.12646,6.6833
16.05,63.75472,6.687467,81.17503,6.687467
16.06,63.78412,6.691667,81.21246,6.691667
16.07,63.80876,6.695833,81.24383,6.695833
16.08,63.83578,6.7,81.27824,6.7
16.09,63.86916,6.704167,81.32074,6.704167
16.1,63.90333,6.708333,81.36425,6.708333
16.11,63.93592,6.7125,81.40574,6.7125
16.12,63.9677,6.716633,81.44621,6.716633
16.13,64.00108,6.720833,81.48871,6.720833
16.14,64.03288,6.725,81.52919,6.725
16.15,64.06228,6.729167,81.56663,6.729167
16.16,64.09248,6.733334,81.60507,6.733334
16.17,64.12188,6.7375,81.64251,6.7375
16.18,64.15129,6.741633,81.67995,6.741633
16.19,64.1791,6.745833,81.71536,6.745833
16.2,64.20771,6.75,81.75179,6.75
16.21,64.23315,6.754167,81.78418,6.754167
16.22,64.25222,6.758333,81.80846,6.758333
16.23,64.27288,6.7625,81.83477,6.7625
16.24,64.30228,6.766667,81.87221,6.766667
16.25,64.34203,6.7708,81.92281,6.7708
16.26,64.38732,6.775,81.98048,6.775
16.27,64.42944,6.7792,82.03411,6.7792
16.28,64.4668,6.783333,82.08167,6.783333
16.29,64.49937,6.7875,82.12315,6.7875
16.3,64.53593,6.791667,82.1697,6.791667
16.31,64.57408,6.795834,82.21827,6.795834
16.32,64.60587,6.8,82.25875,6.8
16.33,64.63289,6.804133,82.29314,6.804133
16.34,64.65753,6.808333,82.32452,6.808333
16.35,64.68455,6.8125,82.35892,6.8125
16.36,64.71793,6.816633,82.40142,6.816633
16.37,64.75369,6.820833,82.44696,6.820833
16.38,64.78707,6.825,82.48946,6.825
16.39,64.82045,6.829167,82.53196,6.829167
16.4,64.85383,6.833333,82.57446,6.833333
16.41,64.88959,6.8375,82.61999,6.8375
16.42,64.92297,6.841667,82.66248,6.841667
16.43,64.95078,6.845867,82.69791,6.845867
16.44,64.97781,6.85,82.73231,6.85
16.45,65.00482,6.854167,82.76671,6.854167
16.46,65.03026,6.858334,82.7991,6.858334
16.47,65.05489,6.8625,82.83046,6.8625
16.48,65.07953,6.866667,82.86182,6.866667
16.49,65.10893,6.870833,82.89926,6.870833
16.5,65.13834,6.875,82.93671,6.875
16.51,65.16536,6.879167,82.97111,6.879167
16.52,65.18682,6.8833,82.99844,6.8833
16.53,65.20748,6.8875,83.02474,6.8875
16.54,65.22814,6.891667,83.05105,6.891667
16.55,65.25358,6.895833,83.08344,6.895833
16.56,65.28457,6.9,83.12289,6.9
16.57,65.31477,6.904167,83.16135,6.904167
16.58,65.34338,6.908333,83.19778,6.908333
16.59,65.37119,6.9125,83.23318,6.9125
16.6,65.40855,6.916667,83.28075,6.916667
16.61,65.44669,6.920834,83.32932,6.920834
16.62,65.47769,6.925,83.36878,6.925
16.63,65.50233,6.929167,83.40015,6.929167
16.64,65.52934,6.933333,83.43455,6.933333
16.65,65.56113,6.937467,83.47503,6.937467
16.66,65.59213,6.941667,83.5145,6.941667
16.67,65.62233,6.945867,83.55294,6.945867
16.68,65.65491,6.949967,83.59443,6.949967
16.69,65.68909,6.954167,83.63794,6.954167
16.7,65.72247,6.958333,83.68044,6.958333
16.71,65.74949,6.9625,83.71484,6.9625
16.72,65.77254,6.966667,83.74419,6.966667
16.73,65.79558,6.970833,83.77353,6.970833
16.74,65.82498,6.975,83.81097,6.975
16.75,65.85757,6.979167,83.85246,6.979167
16.76,65.88459,6.983334,83.88686,6.983334
16.77,65.90605,6.9875,83.91419,6.9875
16.78,65.92671,6.991667,83.94049,6.991667
16.79,65.94976,6.995833,83.96984,6.995833
16.8,65.97678,7,84.00423,7
16.81,66.00459,7.004133,84.03966,7.004133
16.82,66.03003,7.008333,84.07204,7.008333
16.83,66.05228,7.0125,84.10036,7.0125
16.84,66.07374,7.016667,84.12769,7.016667
16.85,66.09281,7.020833,84.15198,7.020833
16.86,66.11268,7.025,84.17728,7.025
16.87,66.12936,7.029167,84.19852,7.029167
16.88,66.14288,7.033333,84.21572,7.033333
16.89,66.1548,7.037467,84.2309,7.037467
16.9,66.16911,7.041667,84.24912,7.041667
16.91,66.18818,7.045834,84.27341,7.045834
16.92,66.20566,7.049967,84.29566,7.049967
16.93,66.22552,7.054167,84.32095,7.054167
16.94,66.2454,7.058333,84.34626,7.058333
16.95,66.26765,7.062467,84.37459,7.062467
16.96,66.28911,7.066667,84.40191,7.066667
16.97,66.30977,7.070833,84.42822,7.070833
16.98,66.32884,7.075,84.4525,7.075
16.99,66.34712,7.079167,84.47578,7.079167
17,66.36778,7.083333,84.50208,7.083333
17.01,66.39162,7.0875,84.53244,7.0875
17.02,66.41626,7.091667,84.5638,7.091667
17.03,66.43931,7.095833,84.59315,7.095833
17.04,66.45759,7.1,84.61642,7.1
17.05,66.47031,7.104134,84.63262,7.104134
17.06,66.47905,7.108334,84.64375,7.108334
17.07,66.49097,7.1125,84.65893,7.1125
17.08,66.50687,7.116633,84.67917,7.116633
17.09,66.5315,7.1208,84.71053,7.1208
17.1,66.55216,7.125,84.73684,7.125
17.11,66.56488,7.129133,84.75304,7.129133
17.12,66.57919,7.133333,84.77125,7.133333
17.13,66.59428,7.1375,84.79047,7.1375
17.14,66.60461,7.141667,84.80363,7.141667
17.15,66.61018,7.145833,84.81071,7.145833
17.16,66.61653,7.149967,84.8188,7.149967
17.17,66.62766,7.154167,84.83297,7.154167
17.18,66.63958,7.158333,84.84814,7.158333
17.19,66.64594,7.1625,84.85625,7.1625
17.2,66.61018,7.166667,84.81071,7.166667
17.21,66.44726,7.1708,84.60327,7.1708
17.22,66.09679,7.175,84.15704,7.175
17.23,65.6573,7.1792,83.59747,7.1792
17.24,65.29729,7.183333,83.13908,7.183333
17.25,65.08271,7.1875,82.86588,7.1875
17.26,64.96748,7.191667,82.71915,7.191667
17.27,64.89992,7.195833,82.63314,7.195833
17.28,64.85701,7.2,82.57851,7.2
17.29,64.82522,7.204167,82.53803,7.204167
17.3,64.7974,7.208333,82.50261,7.208333
17.31,64.77674,7.2125,82.4763,7.2125
17.32,64.76005,7.216633,82.45506,7.216633
17.33,64.74574,7.220833,82.43684,7.220833
17.34,64.73779,7.225,82.42671,7.225
17.35,64.74097,7.229167,82.43076,7.229167
17.36,64.7513,7.233334,82.44392,7.233334
17.37,64.76402,7.2375,82.46011,7.2375
17.38,64.77277,7.241667,82.47124,7.241667
17.39,64.78151,7.245833,82.48238,7.245833
17.4,64.79343,7.25,82.49755,7.25
17.41,64.81012,7.254167,82.51881,7.254167
17.42,64.82522,7.258333,82.53803,7.258333
17.43,64.83714,7.2625,82.5532,7.2625
17.44,64.85065,7.266667,82.5704,7.266667
17.45,64.87131,7.2708,82.59671,7.2708
17.46,64.89754,7.275,82.63011,7.275
17.47,64.92535,7.279167,82.66553,7.279167
17.48,64.95238,7.283333,82.69994,7.283333
17.49,64.97701,7.2875,82.7313,7.2875
17.5,64.99688,7.291667,82.75659,7.291667
17.51,65.01993,7.295834,82.78594,7.295834
17.52,65.04615,7.3,82.81933,7.3
17.53,65.07635,7.304133,82.85779,7.304133
17.54,65.10735,7.308333,82.89725,7.308333
17.55,65.13675,7.3125,82.93468,7.3125
17.56,65.16377,7.316667,82.96909,7.316667
17.57,65.18841,7.320833,83.00046,7.320833
17.58,65.20987,7.325,83.02778,7.325
17.59,65.22894,7.329134,83.05207,7.329134
17.6,65.25119,7.333333,83.08039,7.333333
17.61,65.27901,7.337467,83.11581,7.337467
17.62,65.30762,7.341667,83.15224,7.341667
17.63,65.33305,7.345833,83.18462,7.345833
17.64,65.35848,7.35,83.217,7.35
17.65,65.38312,7.354167,83.24837,7.354167
17.66,65.40457,7.358334,83.27569,7.358334
17.67,65.42762,7.3625,83.30503,7.3625
17.68,65.45464,7.366667,83.33944,7.366667
17.69,65.48405,7.3708,83.37688,7.3708
17.7,65.51027,7.375,83.41026,7.375
17.71,65.53173,7.379167,83.43759,7.379167
17.72,65.55239,7.3833,83.4639,7.3833
17.73,65.57385,7.3875,83.49122,7.3875
17.74,65.59928,7.391667,83.5236,7.391667
17.75,65.63028,7.3958,83.56306,7.3958
17.76,65.66763,7.4,83.61063,7.4
17.77,65.70339,7.404167,83.65615,7.404167
17.78,65.73042,7.408333,83.69056,7.408333
17.79,65.75108,7.4125,83.71687,7.4125
17.8,65.76856,7.416634,83.73914,7.416634
17.81,65.78843,7.420834,83.76443,7.420834
17.82,65.80511,7.425,83.78568,7.425
17.83,65.81783,7.429133,83.80186,7.429133
17.84,65.82896,7.433333,83.81602,7.433333
17.85,65.85121,7.437467,83.84437,7.437467
17.86,65.88062,7.441667,83.88181,7.441667
17.87,65.91399,7.445833,83.9243,7.445833
17.88,65.9434,7.449967,83.96174,7.449967
17.89,65.96645,7.454167,83.99109,7.454167
17.9,65.98314,7.458333,84.01234,7.458333
17.91,65.99188,7.462467,84.02348,7.462467
17.92,66.00062,7.466667,84.03459,7.466667
17.93,66.01254,7.470833,84.04977,7.470833
17.94,66.02367,7.475,84.06394,7.475
17.95,66.0332,7.479167,84.07608,7.479167
17.96,66.04195,7.483334,84.08722,7.483334
17.97,66.05228,7.4875,84.10036,7.4875
17.98,66.06261,7.491667,84.11352,7.491667
17.99,66.07771,7.4958,84.13275,7.4958
18,66.0944,7.5,84.154,7.5
18.01,66.11108,7.504133,84.17525,7.504133
18.02,66.1254,7.508333,84.19347,7.508333
18.03,66.13016,7.5125,84.19953,7.5125
18.04,66.13016,7.516634,84.19953,7.516634
18.05,66.13175,7.520833,84.20156,7.520833
18.06,66.13969,7.525,84.21167,7.525
18.07,66.15321,7.529167,84.22887,7.529167
18.08,66.17387,7.533333,84.25519,7.533333
18.09,66.19691,7.537467,84.28453,7.537467
18.1,66.22552,7.541667,84.32095,7.541667
18.11,66.24937,7.545834,84.35132,7.545834
18.12,66.26527,7.549967,84.37155,7.549967
18.13,66.27003,7.554167,84.37762,7.554167
18.14,66.27401,7.558333,84.38269,7.558333
18.15,66.28195,7.5625,84.3928,7.5625
18.16,66.29467,7.566667,84.409,7.566667
18.17,66.30818,7.570833,84.42619,7.570833
18.18,66.31851,7.575,84.43935,7.575
18.19,66.32646,7.579167,84.44947,7.579167
18.2,66.33123,7.583333,84.45554,7.583333
18.21,66.3344,7.5875,84.45959,7.5875
18.22,66.33123,7.591667,84.45554,7.591667
18.23,66.32646,7.595833,84.44947,7.595833
18.24,66.32407,7.6,84.44643,7.6
18.25,66.3201,7.604134,84.44137,7.604134
18.26,66.31772,7.608334,84.43834,7.608334
18.27,66.31851,7.6125,84.43935,7.6125
18.28,66.32407,7.616633,84.44643,7.616633
18.29,66.33123,7.620833,84.45554,7.620833
18.3,66.33521,7.625,84.4606,7.625
18.31,66.33123,7.629133,84.45554,7.629133
18.32,66.3201,7.633333,84.44137,7.633333
18.33,66.30739,7.637467,84.42519,7.637467
18.34,66.29706,7.641667,84.41203,7.641667
18.35,66.28831,7.645833,84.4009,7.645833
18.36,66.28195,7.649967,84.3928,7.649967
18.37,66.27639,7.654167,84.38572,7.654167
18.38,66.27162,7.658333,84.37965,7.658333
18.39,66.26845,7.662467,84.3756,7.662467
18.4,66.26765,7.666667,84.37459,7.666667
18.41,66.26527,7.6708,84.37155,7.6708
18.42,66.26129,7.674967,84.36649,7.674967
18.43,66.25891,7.679167,84.36346,7.679167
18.44,66.25175,7.6833,84.35435,7.6833
18.45,66.2446,7.687467,84.34524,7.687467
18.46,66.24063,7.691667,84.34019,7.691667
18.47,66.2446,7.695833,84.34524,7.695833
18.48,66.25573,7.7,84.35941,7.7
18.49,66.26765,7.704134,84.37459,7.704134
18.5,66.25175,7.708333,84.35435,7.708333
18.51,66.16911,7.7125,84.24912,7.7125
18.52,65.99029,7.716633,84.02144,7.716633
18.53,65.76617,7.720833,83.73609,7.720833
18.54,65.57385,7.725,83.49122,7.725
18.55,65.44431,7.729167,83.32629,7.729167
18.56,65.36007,7.733334,83.21902,7.733334
18.57,65.30364,7.737467,83.14718,7.737467
18.58,65.26788,7.741633,83.10165,7.741633
18.59,65.24483,7.745833,83.0723,7.745833
18.6,65.22655,7.749967,83.04903,7.749967
18.61,65.21225,7.754167,83.03082,7.754167
18.62,65.20192,7.758333,83.01766,7.758333
18.63,65.19556,7.762467,83.00956,7.762467
18.64,65.1908,7.766667,83.00349,7.766667
18.65,65.18285,7.7708,82.99338,7.7708
18.66,65.17252,7.774967,82.98022,7.774967
18.67,65.16138,7.779167,82.96605,7.779167
18.68,65.15503,7.7833,82.95795,7.7833
18.69,65.15582,7.7875,82.95897,7.7875
18.7,65.16377,7.791667,82.96909,7.791667
18.71,65.17252,7.7958,82.98022,7.7958
18.72,65.17648,7.8,82.98528,7.8
18.73,65.17648,7.804133,82.98528,7.804133
18.74,65.18046,7.808333,82.99033,7.808333
18.75,65.18682,7.8125,82.99844,7.8125
18.76,65.1908,7.816633,83.00349,7.816633
18.77,65.18523,7.820833,82.99641,7.820833
18.78,65.1741,7.825,82.98225,7.825
18.79,65.1598,7.829167,82.96403,7.829167
18.8,65.14231,7.833333,82.94176,7.833333
18.81,65.12563,7.8375,82.92052,7.8375
18.82,65.11609,7.841667,82.90838,7.841667
18.83,65.10893,7.845867,82.89926,7.845867
18.84,65.09702,7.849967,82.88409,7.849967
18.85,65.08192,7.854167,82.86487,7.854167
18.86,65.06364,7.858334,82.84159,7.858334
18.87,65.04059,7.862467,82.81225,7.862467
18.88,65.00642,7.866667,82.76874,7.866667
18.89,64.96509,7.8708,82.71612,7.8708
18.9,64.92535,7.875,82.66553,7.875
18.91,64.89038,7.879167,82.62099,7.879167
18.92,64.86018,7.8833,82.58255,7.8833
18.93,64.83396,7.8875,82.54916,7.8875
18.94,64.81409,7.891667,82.52386,7.891667
18.95,64.79105,7.8958,82.49452,7.8958
18.96,64.75767,7.9,82.45202,7.9
18.97,64.72031,7.904167,82.40446,7.904167
18.98,64.68217,7.908333,82.35589,7.908333
18.99,64.64561,7.9125,82.30934,7.9125
19,64.60985,7.916634,82.26381,7.916634
19.01,64.57249,7.920834,82.21625,7.920834
19.02,64.53593,7.925,82.1697,7.925
19.03,64.50256,7.929167,82.1272,7.929167
19.04,64.46918,7.933333,82.0847,7.933333
19.05,64.43421,7.937467,82.04018,7.937467
19.06,64.40004,7.941667,81.99667,7.941667
19.07,64.36507,7.945833,81.95215,7.945833
19.08,64.32931,7.949967,81.90662,7.949967
19.09,64.29116,7.954167,81.85805,7.954167
19.1,64.24825,7.958333,81.80341,7.958333
19.11,64.20374,7.9625,81.74673,7.9625
19.12,64.16003,7.966667,81.69108,7.966667
19.13,64.12824,7.970833,81.65061,7.970833
19.14,64.10361,7.975,81.61925,7.975
19.15,64.07896,7.979167,81.58787,7.979167
19.16,64.05512,7.9833,81.55751,7.9833
19.17,64.03446,7.9875,81.5312,7.9875
19.18,64.00983,7.991667,81.49984,7.991667
19.19,63.97645,7.9958,81.45734,7.9958
19.2,63.94625,8,81.41889,8
19.21,63.92638,8.004133,81.39359,8.004133
19.22,63.91684,8.0083,81.38145,8.0083
19.23,63.90254,8.0125,81.36324,8.0125
19.24,63.8779,8.016633,81.33186,8.016633
19.25,63.8469,8.020833,81.2924,8.020833
19.26,63.82068,8.025,81.25901,8.025
19.27,63.79604,8.029167,81.22765,8.029167
19.28,63.78094,8.033334,81.20842,8.033334
19.29,63.77061,8.037467,81.19526,8.037467
19.3,63.76028,8.041667,81.18211,8.041667
19.31,63.74438,8.045834,81.16187,8.045834
19.32,63.7269,8.049967,81.13961,8.049967
19.33,63.71101,8.054167,81.11937,8.054167
19.34,63.70147,8.058333,81.10723,8.058333
19.35,63.6975,8.062467,81.10217,8.062467
19.36,63.70147,8.066667,81.10723,8.066667
19.37,63.70783,8.0708,81.11533,8.0708
19.38,63.71419,8.074966,81.12342,8.074966
19.39,63.71498,8.079166,81.12443,8.079166
19.4,63.70862,8.0833,81.11633,8.0833
19.41,63.70147,8.0875,81.10723,8.0875
19.42,63.69829,8.091667,81.10318,8.091667
19.43,63.69591,8.0958,81.10014,8.0958
19.44,63.68478,8.1,81.08598,8.1
19.45,63.67048,8.104134,81.06776,8.104134
19.46,63.65855,8.108334,81.05259,8.108334
19.47,63.64743,8.1125,81.03842,8.1125
19.48,63.63313,8.116633,81.02021,8.116633
19.49,63.62041,8.1208,81.00401,8.1208
19.5,63.60769,8.125,80.98783,8.125
19.51,63.59577,8.129133,80.97265,8.129133
19.52,63.58862,8.133333,80.96354,8.133333
19.53,63.58306,8.137466,80.95646,8.137466
19.54,63.58067,8.141666,80.95342,8.141666
19.55,63.57431,8.145833,80.94533,8.145833
19.56,63.56398,8.149967,80.93217,8.149967
19.57,63.54968,8.154167,80.91396,8.154167
19.58,63.53299,8.158334,80.89272,8.158334
19.59,63.51392,8.162467,80.86842,8.162467
19.6,63.48928,8.166667,80.83706,8.166667
19.61,63.46623,8.1708,80.80772,8.1708
19.62,63.44636,8.175,80.78242,8.175
19.63,63.42332,8.1792,80.75307,8.1792
19.64,63.39629,8.1833,80.71867,8.1833
19.65,63.36927,8.1875,80.68427,8.1875
19.66,63.34623,8.191667,80.65491,8.191667
19.67,63.32795,8.195833,80.63165,8.195833
19.68,63.31682,8.2,80.61748,8.2
19.69,63.30729,8.204133,80.60534,8.204133
19.7,63.29616,8.208333,80.59117,8.208333
19.71,63.27708,8.2125,80.56689,8.2125
19.72,63.24768,8.216634,80.52945,8.216634
19.73,63.20874,8.220834,80.47987,8.220834
19.74,63.169,8.225,80.42927,8.225
19.75,63.13324,8.229134,80.38374,8.229134
19.76,63.09827,8.233334,80.33921,8.233334
19.77,63.05774,8.237467,80.28761,8.237467
19.78,63.01165,8.241633,80.22892,8.241633
19.79,62.95919,8.245833,80.16213,8.245833
19.8,62.90754,8.249967,80.09636,8.249967
19.81,62.86542,8.254133,80.04273,8.254133
19.82,62.83045,8.258333,79.99821,8.258333
19.83,62.79469,8.2625,79.95267,8.2625
19.84,62.747,8.266666,79.89196,8.266666
19.85,62.69376,8.2708,79.82417,8.2708
19.86,62.63971,8.275,79.75536,8.275
19.87,62.59362,8.279167,79.69667,8.279167
19.88,62.5515,8.2833,79.64304,8.2833
19.89,62.50858,8.287467,79.58839,8.287467
19.9,62.46169,8.291667,79.52869,8.291667
19.91,62.41242,8.2958,79.46597,8.2958
19.92,62.36792,8.299967,79.40929,8.299967
19.93,62.32023,8.304133,79.34858,8.304133
19.94,62.26699,8.3083,79.28078,8.3083
19.95,62.21135,8.3125,79.20995,8.3125
19.96,62.16049,8.316633,79.1452,8.316633
19.97,62.10804,8.320833,79.07841,8.320833
19.98,62.05797,8.325,79.01466,8.325
19.99,62.0087,8.329133,78.95193,8.329133
20,61.95227,8.333333,78.88008,8.333333
20.01,61.88869,8.337467,78.79913,8.337467
20.02,61.81638,8.341667,78.70705,8.341667
20.03,61.74088,8.345834,78.61092,8.345834
20.04,61.66537,8.349967,78.51479,8.349967
20.05,61.58431,8.354167,78.41158,8.354167
20.06,61.49133,8.358334,78.29319,8.358334
20.07,61.38722,8.362467,78.16064,8.362467
20.08,61.27834,8.366633,78.02201,8.366633
20.09,61.16549,8.3708,77.87832,8.3708
20.1,61.05264,8.375,77.73463,8.375
20.11,60.94535,8.379167,77.59803,8.379167
20.12,60.83568,8.3833,77.45839,8.3833
20.13,60.71647,8.3875,77.30661,8.3875
20.14,60.58614,8.391666,77.14066,8.391666
20.15,60.45024,8.3958,76.96763,8.3958
20.16,60.30639,8.4,76.78448,8.4
20.17,60.14665,8.404134,76.58109,8.404134
20.18,59.97578,8.4083,76.36354,8.4083
20.19,59.80571,8.4125,76.147,8.4125
20.2,59.64677,8.416634,75.94462,8.416634
20.21,59.50689,8.420834,75.76653,8.420834
20.22,59.38451,8.425,75.6107,8.425
20.23,59.27086,8.429133,75.466,8.429133
20.24,59.15165,8.433333,75.31422,8.433333
20.25,59.02608,8.437467,75.15434,8.437467
20.26,58.90687,8.441667,75.00256,8.441667
20.27,58.79641,8.445833,74.86191,8.445833
20.28,58.6915,8.449966,74.72834,8.449966
20.29,58.57627,8.454166,74.58162,8.454166
20.3,58.44116,8.458333,74.4096,8.458333
20.31,58.28857,8.462467,74.21532,8.462467
20.32,58.12724,8.466667,74.0099,8.466667
20.33,57.96671,8.470834,73.8055,8.470834
20.34,57.81412,8.475,73.61122,8.475
20.35,57.66869,8.479167,73.42605,8.479167
20.36,57.52325,8.4833,73.24088,8.4833
20.37,57.3802,8.4875,73.05874,8.4875
20.38,57.24033,8.491633,72.88065,8.491633
20.39,57.10284,8.4958,72.70559,8.4958
20.4,56.9725,8.5,72.53964,8.5
20.41,56.84773,8.504133,72.38078,8.504133
20.42,56.72852,8.5083,72.229,8.5083
20.43,56.6117,8.5125,72.08025,8.5125
20.44,56.49805,8.516633,71.93555,8.516633
20.45,56.38997,8.520833,71.79794,8.520833
20.46,56.29063,8.525,71.67145,8.525
20.47,56.19764,8.529167,71.55306,8.529167
20.48,56.10545,8.533334,71.43568,8.533334
20.49,56.00929,8.537467,71.31325,8.537467
20.5,55.91233,8.541667,71.1898,8.541667
20.51,55.82253,8.545834,71.07545,8.545834
20.52,55.74306,8.549967,70.97427,8.549967
20.53,55.67868,8.554167,70.8923,8.554167
20.54,55.61988,8.558333,70.81742,8.558333
20.55,55.5555,8.562467,70.73547,8.562467
20.56,55.48795,8.566667,70.64945,8.566667
20.57,55.42596,8.5708,70.57053,8.5708
20.58,55.3751,8.574966,70.50577,8.574966
20.59,55.31867,8.579166,70.43392,8.579166
20.6,55.15814,8.583333,70.22952,8.583333
20.61,54.60342,8.587501,69.52322,8.587501
20.62,53.32549,8.591667,67.89613,8.591667
20.63,51.35139,8.595834,65.38261,8.595834
20.64,49.17781,8.6,62.61513,8.6
20.65,47.36264,8.604134,60.30399,8.604134
20.66,46.14989,8.608334,58.75986,8.608334
20.67,45.44497,8.6125,57.86232,8.6125
20.68,45.01184,8.616633,57.31085,8.616633
20.69,44.68997,8.620833,56.90104,8.620833
20.7,44.42374,8.625,56.56206,8.625
20.71,44.2044,8.629133,56.28278,8.629133
20.72,44.02478,8.6333,56.0541,8.6333
20.73,43.87776,8.637466,55.8669,8.637466
20.74,43.75299,8.641666,55.70803,8.641666
20.75,43.65206,8.645833,55.57952,8.645833
20.76,43.57497,8.649967,55.48137,8.649967
20.77,43.51298,8.654167,55.40245,8.654167
20.78,43.4494,8.658334,55.3215,8.658334
20.79,43.38503,8.662467,55.23953,8.662467
20.8,43.33258,8.666667,55.17275,8.666667
20.81,43.29125,8.6708,55.12013,8.6708
20.82,43.25708,8.674967,55.07662,8.674967
20.83,43.22131,8.679167,55.03108,8.679167
20.84,43.1784,8.6833,54.97644,8.6833
20.85,43.1339,8.687467,54.91978,8.687467
20.86,43.09257,8.691667,54.86716,8.691667
20.87,43.0584,8.6958,54.82365,8.6958
20.88,43.02581,8.7,54.78216,8.7
20.89,42.99402,8.704133,54.74169,8.704133
20.9,42.95349,8.708333,54.69008,8.708333
20.91,42.89786,8.712501,54.61925,8.712501
20.92,42.83508,8.716634,54.53931,8.716634
20.93,42.77865,8.720834,54.46747,8.720834
20.94,42.73256,8.725,54.40878,8.725
20.95,42.69441,8.729134,54.36021,8.729134
20.96,42.65944,8.733334,54.31569,8.733334
20.97,42.62765,8.737467,54.27521,8.737467
20.98,42.6054,8.741633,54.24688,8.741633
20.99,42.59427,8.745833,54.23271,8.745833
21,42.58871,8.749967,54.22563,8.749967
21.01,42.58792,8.754133,54.22462,8.754133
21.02,42.58156,8.758333,54.21652,8.758333
21.03,42.57202,8.762466,54.20438,8.762466
21.04,42.56964,8.766666,54.20134,8.766666
21.05,42.57361,8.7708,54.20641,8.7708
21.06,42.57917,8.774967,54.21349,8.774967
21.07,42.56089,8.779167,54.19021,8.779167
21.08,42.42897,8.7833,54.02224,8.7833
21.09,42.03876,8.7875,53.52541,8.7875
21.1,41.39423,8.791667,52.70477,8.791667
21.11,40.73064,8.7958,51.85986,8.7958
21.12,40.27287,8.799967,51.27701,8.799967
21.13,40.0265,8.804133,50.96333,8.804133
21.14,39.88584,8.8083,50.78423,8.8083
21.15,39.7865,8.8125,50.65774,8.8125
21.16,39.72133,8.816633,50.57476,8.816633
21.17,39.67762,8.820833,50.51911,8.820833
21.18,39.64345,8.825,50.47561,8.825
21.19,39.61086,8.829133,50.43412,8.829133
21.2,39.58066,8.833333,50.39566,8.833333
21.21,39.55126,8.837467,50.35822,8.837467
21.22,39.52503,8.841634,50.32483,8.841634
21.23,39.50834,8.845834,50.30358,8.845834
21.24,39.49801,8.849967,50.29043,8.849967
21.25,39.49086,8.854134,50.28132,8.854134
21.26,39.4845,8.858334,50.27323,8.858334
21.27,39.48291,8.862467,50.2712,8.862467
21.28,39.48689,8.866633,50.27626,8.866633
21.29,39.49483,8.8708,50.28638,8.8708
21.3,39.50357,8.874967,50.29751,8.874967
21.31,39.5147,8.879167,50.31168,8.879167
21.32,39.52026,8.8833,50.31876,8.8833
21.33,39.52265,8.8875,50.3218,8.8875
21.34,39.52901,8.891666,50.3299,8.891666
21.35,39.54331,8.8958,50.34811,8.8958
21.36,39.56079,8.900001,50.37037,8.900001
21.37,39.58146,8.904134,50.39668,8.904134
21.38,39.6045,8.908334,50.42602,8.908334
21.39,39.62119,8.9125,50.44727,8.9125
21.4,39.63153,8.916634,50.46043,8.916634
21.41,39.63709,8.920834,50.46751,8.920834
21.42,39.63788,8.925,50.46852,8.925
21.43,39.64345,8.929133,50.47561,8.929133
21.44,39.65457,8.933333,50.48977,8.933333
21.45,39.67126,8.937467,50.51102,8.937467
21.46,39.68795,8.941633,50.53226,8.941633
21.47,39.70067,8.945833,50.54846,8.945833
21.48,39.71338,8.949966,50.56465,8.949966
21.49,39.72769,8.954166,50.58286,8.954166
21.5,39.7404,8.958333,50.59905,8.958333
21.51,39.74597,8.962467,50.60614,8.962467
21.52,39.74279,8.966667,50.60209,8.966667
21.53,39.73643,8.9708,50.59399,8.9708
21.54,39.73405,8.974967,50.59096,8.974967
21.55,39.73325,8.979167,50.58994,8.979167
21.56,39.72371,8.9833,50.5778,8.9833
21.57,39.70623,8.987467,50.55554,8.987467
21.58,39.68716,8.991633,50.53126,8.991633
21.59,39.67126,8.9958,50.51102,8.9958
21.6,39.66252,9,50.49989,9
21.61,39.65378,9.004133,50.48876,9.004133
21.62,39.64345,9.0083,50.47561,9.0083
21.63,39.62914,9.0125,50.45739,9.0125
21.64,39.61007,9.016633,50.43311,9.016633
21.65,39.58781,9.020833,50.40477,9.020833
21.66,39.56636,9.025001,50.37745,9.025001
21.67,39.55364,9.029134,50.36126,9.029134
21.68,39.54808,9.033334,50.35418,9.033334
21.69,39.54331,9.037467,50.34811,9.037467
21.7,39.53775,9.041634,50.34102,9.041634
21.71,39.53139,9.045834,50.33293,9.045834
21.72,39.5139,9.049967,50.31067,9.049967
21.73,39.48053,9.054167,50.26817,9.054167
21.74,39.4392,9.058333,50.21555,9.058333
21.75,39.40105,9.062467,50.16698,9.062467
21.76,39.36768,9.066667,50.12448,9.066667
21.77,39.33589,9.0708,50.08401,9.0708
21.78,39.3033,9.074966,50.04252,9.074966
21.79,39.26754,9.079166,49.99698,9.079166
21.8,39.22542,9.0833,49.94335,9.0833
21.81,39.17933,9.087467,49.88467,9.087467
21.82,39.13323,9.091667,49.82598,9.091667
21.83,39.08555,9.0958,49.76526,9.0958
21.84,39.03548,9.1,49.70152,9.1
21.85,38.98144,9.104134,49.63271,9.104134
21.86,38.92183,9.108334,49.55682,9.108334
21.87,38.8511,9.1125,49.46675,9.1125
21.88,38.78276,9.116633,49.37974,9.116633
21.89,38.72951,9.1208,49.31194,9.1208
21.9,38.68818,9.125,49.25932,9.125
21.91,38.64845,9.129133,49.20873,9.129133
21.92,38.59361,9.1333,49.13891,9.1333
21.93,38.52288,9.137466,49.04885,9.137466
21.94,38.44579,9.141666,48.9507,9.141666
21.95,38.37029,9.145833,48.85457,9.145833
21.96,38.29479,9.149967,48.75844,9.149967
21.97,38.22009,9.154167,48.66333,9.154167
21.98,38.1422,9.158334,48.56416,9.158334
21.99,38.06512,9.162467,48.46601,9.162467
22,37.98962,9.166667,48.36988,9.166667
22.01,37.91253,9.1708,48.27173,9.1708
22.02,37.83544,9.174967,48.17357,9.174967
22.03,37.76153,9.179167,48.07947,9.179167
22.04,37.69239,9.1833,47.99144,9.1833
22.05,37.62166,9.187467,47.90138,9.187467
22.06,37.54695,9.191667,47.80626,9.191667
22.07,37.47066,9.1958,47.70912,9.1958
22.08,37.39436,9.199966,47.61198,9.199966
22.09,37.31648,9.204133,47.51282,9.204133
22.1,37.23304,9.208333,47.40657,9.208333
22.11,37.14879,9.212501,47.29931,9.212501
22.12,37.06376,9.216634,47.19104,9.216634
22.13,36.97793,9.220834,47.08176,9.220834
22.14,36.88574,9.225,46.96438,9.225
22.15,36.78481,9.229134,46.83587,9.229134
22.16,36.67196,9.233334,46.69218,9.233334
22.17,36.54718,9.237467,46.53332,9.237467
22.18,36.41526,9.241633,46.36535,9.241633
22.19,36.27698,9.245833,46.18928,9.245833
22.2,36.12916,9.249967,46.00107,9.249967
22.21,35.97657,9.254133,45.80679,9.254133
22.22,35.81921,9.258333,45.60644,9.258333
22.23,35.65152,9.262466,45.39293,9.262466
22.24,35.46953,9.266666,45.16121,9.266666
22.25,35.28118,9.2708,44.92139,9.2708
22.26,35.0976,9.274967,44.68765,9.274967
22.27,34.92038,9.279167,44.462,9.279167
22.28,34.74076,9.2833,44.23331,9.2833
22.29,34.54606,9.2875,43.9854,9.2875
22.3,34.32592,9.291667,43.70511,9.291667
22.31,34.0422,9.2958,43.34387,9.2958
22.32,33.56775,9.299967,42.73978,9.299967
22.33,32.74997,9.304133,41.69855,9.304133
22.34,31.65404,9.3083,40.30317,9.3083
22.35,30.59944,9.3125,38.96041,9.3125
22.36,29.83411,9.316633,37.98597,9.316633
22.37,29.33741,9.320833,37.35355,9.320833
22.38,28.98296,9.324966,36.90225,9.324966
22.39,28.69129,9.329133,36.53089,9.329133
22.4,28.44969,9.333333,36.22327,9.333333
22.41,28.24465,9.337467,35.96221,9.337467
22.42,28.06505,9.341634,35.73352,9.341634
22.43,27.91007,9.345834,35.53621,9.345834
22.44,27.78133,9.349967,35.37228,9.349967
22.45,27.67404,9.354134,35.23568,9.354134
22.46,27.5739,9.358334,35.10818,9.358334
22.47,27.48013,9.362467,34.98878,9.362467
22.48,27.40224,9.366633,34.88962,9.366633
22.49,27.33787,9.3708,34.80766,9.3708
22.5,27.27906,9.374967,34.73278,9.374967
22.51,27.21866,9.379167,34.65587,9.379167
22.52,27.16223,9.3833,34.58403,9.3833
22.53,27.11137,9.387466,34.51927,9.387466
22.54,27.05494,9.391666,34.44743,9.391666
22.55,26.98898,9.3958,34.36344,9.3958
22.56,26.92302,9.400001,34.27945,9.400001
22.57,26.86103,9.404134,34.20053,9.404134
22.58,26.80302,9.4083,34.12666,9.4083
22.59,26.74341,9.4125,34.05077,9.4125
22.6,26.68301,9.416634,33.97387,9.416634
22.61,26.6242,9.4208,33.89899,9.4208
22.62,26.5638,9.424967,33.82208,9.424967
22.63,26.49864,9.429133,33.73911,9.429133
22.64,26.42234,9.4333,33.64197,9.4333
22.65,26.33969,9.437467,33.53673,9.437467
22.66,26.25068,9.441633,33.4234,9.441633
22.67,26.15452,9.445833,33.30096,9.445833
22.68,26.05438,9.449966,33.17347,9.449966
22.69,25.95743,9.454166,33.05002,9.454166
22.7,25.86762,9.458333,32.93568,9.458333
22.71,25.78417,9.462467,32.82943,9.462467
22.72,25.70391,9.466634,32.72723,9.466634
22.73,25.62682,9.4708,32.62908,9.4708
22.74,25.55132,9.474967,32.53295,9.474967
22.75,25.4782,9.479134,32.43986,9.479134
22.76,25.40509,9.4833,32.34676,9.4833
22.77,25.33277,9.487467,32.25468,9.487467
22.78,25.26283,9.491633,32.16564,9.491633
22.79,25.19449,9.4958,32.07862,9.4958
22.8,25.1317,9.5,31.99868,9.5
22.81,25.07528,9.504133,31.92683,9.504133
22.82,25.02441,9.5083,31.86207,9.5083
22.83,24.97276,9.5125,31.7963,9.5125
22.84,24.92031,9.516633,31.72952,9.516633
22.85,24.86547,9.5208,31.6597,9.5208
22.86,24.80586,9.525001,31.58381,9.525001
22.87,24.74944,9.529134,31.51196,9.529134
22.88,24.6946,9.533334,31.44214,9.533334
22.89,24.63659,9.537467,31.36828,9.537467
22.9,24.57698,9.541667,31.29239,9.541667
22.91,24.51658,9.545834,31.21548,9.545834
22.92,24.45618,9.549967,31.13858,9.549967
22.93,24.39817,9.554167,31.06471,9.554167
22.94,24.34492,9.5583,30.99692,9.5583
22.95,24.29088,9.562467,30.92811,9.562467
22.96,24.23922,9.566667,30.86234,9.566667
22.97,24.19074,9.5708,30.80061,9.5708
22.98,24.14465,9.574966,30.74192,9.574966
22.99,24.09697,9.579166,30.68121,9.579166
23,24.03975,9.5833,30.60835,9.5833
23.01,23.9706,9.587467,30.52032,9.587467
23.02,23.89828,9.591667,30.42824,9.591667
23.03,23.83312,9.595834,30.34527,9.595834
23.04,23.7751,9.6,30.2714,9.6
23.05,23.7155,9.604134,30.19551,9.604134
23.06,23.64715,9.608334,30.10849,9.608334
23.07,23.57403,9.6125,30.01539,9.6125
23.08,23.50251,9.616633,29.92432,9.616633
23.09,23.43416,9.6208,29.8373,9.6208
23.1,23.36661,9.625,29.75129,9.625
23.11,23.29747,9.629133,29.66326,9.629133
23.12,23.2323,9.6333,29.58028,9.6333
23.13,23.1719,9.637466,29.50338,9.637466
23.14,23.11309,9.641633,29.4285,9.641633
23.15,23.05349,9.645833,29.35261,9.645833
23.16,22.99388,9.649967,29.27672,9.649967
23.17,22.92792,9.654167,29.19273,9.654167
23.18,22.85878,9.658334,29.1047,9.658334
23.19,22.79202,9.662467,29.0197,9.662467
23.2,22.73162,9.666667,28.9428,9.666667
23.21,22.67838,9.6708,28.875,9.6708
23.22,22.6291,9.674967,28.81227,9.674967
23.23,22.58698,9.679167,28.75864,9.679167
23.24,22.55519,9.6833,28.71816,9.6833
23.25,22.52658,9.687467,28.68174,9.687467
23.26,22.49479,9.691667,28.64126,9.691667
23.27,22.45347,9.6958,28.58864,9.6958
23.28,22.41373,9.699966,28.53805,9.699966
23.29,22.39068,9.704133,28.5087,9.704133
23.3,22.3883,9.708333,28.50567,9.708333
23.31,22.3883,9.712501,28.50567,9.712501
23.32,22.37797,9.716634,28.49251,9.716634
23.33,22.35889,9.7208,28.46823,9.7208
23.34,22.34618,9.725,28.45204,9.725
23.35,22.34379,9.729134,28.449,9.729134
23.36,22.34777,9.733334,28.45406,9.733334
23.37,22.34459,9.737467,28.45001,9.737467
23.38,22.33108,9.741633,28.43281,9.741633
23.39,22.30644,9.745833,28.40144,9.745833
23.4,22.27942,9.749967,28.36704,9.749967
23.41,22.25399,9.754133,28.33466,9.754133
23.42,22.22697,9.7583,28.30025,9.7583
23.43,22.19995,9.762466,28.26585,9.762466
23.44,22.18088,9.766666,28.24157,9.766666
23.45,22.17293,9.7708,28.23145,9.7708
23.46,22.17213,9.774967,28.23043,9.774967
23.47,22.16578,9.779167,28.22234,9.779167
23.48,22.14988,9.7833,28.2021,9.7833
23.49,22.13319,9.787467,28.18085,9.787467
23.5,22.12286,9.791634,28.1677,9.791634
23.51,22.11571,9.7958,28.15859,9.7958
23.52,22.10776,9.799967,28.14847,9.799967
23.53,22.10538,9.804133,28.14544,9.804133
23.54,22.10538,9.8083,28.14544,9.8083
23.55,22.1022,9.812467,28.14139,9.812467
23.56,22.09981,9.816633,28.13836,9.816633
23.57,22.09902,9.8208,28.13734,9.8208
23.58,22.09902,9.825,28.13734,9.825
23.59,22.09505,9.829133,28.13228,9.829133
23.6,22.0863,9.833333,28.12115,9.833333
23.61,22.07438,9.837467,28.10597,9.837467
23.62,22.06008,9.841634,28.08776,9.841634
23.63,22.04736,9.845834,28.07157,9.845834
23.64,22.03226,9.849967,28.05235,9.849967
23.65,22.01796,9.854134,28.03413,9.854134
23.66,22.00683,9.858334,28.01997,9.858334
23.67,21.99968,9.862467,28.01086,9.862467
23.68,21.99332,9.866633,28.00276,9.866633
23.69,21.98855,9.8708,27.99669,9.8708
23.7,21.98617,9.874967,27.99366,9.874967
23.71,21.98617,9.879167,27.99366,9.879167
23.72,21.99014,9.8833,27.99872,9.8833
23.73,21.99332,9.8875,28.00276,9.8875
23.74,21.99253,9.891666,28.00175,9.891666
23.75,21.98458,9.8958,27.99163,9.8958
23.76,21.97584,9.900001,27.9805,9.900001
23.77,21.97186,9.904134,27.97544,9.904134
23.78,21.97345,9.9083,27.97747,9.9083
23.79,21.97027,9.9125,27.97342,9.9125
23.8,21.95517,9.916634,27.95419,9.916634
23.81,21.92656,9.9208,27.91776,9.9208
23.82,21.89398,9.925,27.87628,9.925
23.83,21.85663,9.929133,27.82872,9.929133
23.84,21.8153,9.933333,27.7761,9.933333
23.85,21.76285,9.937467,27.70932,9.937467
23.86,21.69609,9.941633,27.62432,9.941633
23.87,21.62218,9.945833,27.53021,9.945833
23.88,21.55383,9.949966,27.44319,9.949966
23.89,21.49979,9.954133,27.37438,9.954133
23.9,21.4529,9.958333,27.31468,9.958333
23.91,21.40999,9.962467,27.26004,9.962467
23.92,21.37025,9.966634,27.20945,9.966634
23.93,21.33369,9.9708,27.1629,9.9708
23.94,21.29237,9.974967,27.11028,9.974967
23.95,21.24866,9.979167,27.05463,9.979167
23.96,21.20654,9.9833,27.001,9.9833
23.97,21.16044,9.987467,26.94231,9.987467
23.98,21.10879,9.991633,26.87654,9.991633
23.99,21.05872,9.9958,26.81279,9.9958
24,21.0166,9.999967,26.75916,9.999967
24.01,20.97686,10.00413,26.70857,10.00413
24.02,20.93077,10.00667,26.64988,10.00667
24.03,20.88229,10.0071,26.58815,10.0071
